Workbook

Sheet Даты занятий
A1: 251 | B1: БИВ | C1: 45917 | D1: 45924 | E1: 45931 | F1: 45938 | H1: Ерохина | L1: 45910 | M1: 45910 | N1: 45912 | O1: 45919 | P1: 45924 | Q1: 45926 | R1: 45931 | S1: 45938 | T1: 45940 | U1: 45945 | V1: Ерохина | X1: =CHOOSE(MATCH(X$10,$L$22:$U$22),$L23,$M23,$N23,$O23,$P23,$Q23,$R23,$S23) -> 45932 | Y1: =CHOOSE(MATCH(Y$10,$L$22:$U$22),$L23,$M23,$N23,$O23,$P23,$Q23,$R23,$S23) -> 45946 | Z1: =IF(OR(CHOOSE(MATCH(Z$10,$L$22:$U$22)+1,$L23,$M23,$N23,$O23,$P23,$Q23,$R23,$S23)>($J$14),CHOOSE(MATCH(Z$10,$L$22:$U$22)+1,$L23,$M23,$N23,$O23,$P23,$Q23,$R23,$S23)=0),"-----",CHOOSE(MATCH(Z$10,$L$22:$U$22)+1,$L23,$M23,$N23,$O23,$P23,$Q23,$R23,$S23)) -> 45939 | AA1: ----- | AB1: =IF(OR(CHOOSE(MATCH(AB$10,$L$22:$U$22)+2,$L23,$M23,$N23,$O23,$P23,$Q23,$R23,$S23)>($J$14),CHOOSE(MATCH(AB$10,$L$22:$U$22)+2,$L23,$M23,$N23,$O23,$P23,$Q23,$R23,$S23)=0),"-----",CHOOSE(MATCH(AB$10,$L$22:$U$22)+2,$L23,$M23,$N23,$O23,$P23,$Q23,$R23,$S23)) -> 45946 | AC1: ----- | AE1: =CHOOSE(MATCH(AE$10,$L$32:$U$32),$L33,$M33,$N33,$O33,$P33,$Q33,$R33,$S33) -> 45932 | AF1: =CHOOSE(MATCH(AF$10,$L$32:$U$32),$L33,$M33,$N33,$O33,$P33,$Q33,$R33,$S33) -> 45946 | AG1: =IF(OR(CHOOSE(MATCH(AG$10,$L$32:$U$32)+1,$L33,$M33,$N33,$O33,$P33,$Q33,$R33,$S33)>($J$14),CHOOSE(MATCH(AG$10,$L$32:$U$32)+1,$L33,$M33,$N33,$O33,$P33,$Q33,$R33,$S33)=0),"-----",CHOOSE(MATCH(AG$10,$L$32:$U$32)+1,$L33,$M33,$N33,$O33,$P33,$Q33,$R33,$S33)) -> 45939 | AH1: ----- | AI1: =IF(OR(CHOOSE(MATCH(AI$10,$L$32:$U$32)+2,$L33,$M33,$N33,$O33,$P33,$Q33,$R33,$S33)>($J$14),CHOOSE(MATCH(AI$10,$L$32:$U$32)+2,$L33,$M33,$N33,$O33,$P33,$Q33,$R33,$S33)=0),"-----",CHOOSE(MATCH(AI$10,$L$32:$U$32)+2,$L33,$M33,$N33,$O33,$P33,$Q33,$R33,$S33)) -> 45946 | AJ1: -----
A2: 252 | B2: БИВ | C2: 45910 | D2: 45917 | E2: 45924 | F2: 45931 | H2: Ерохина | L2: 45910 | M2: 45910 | N2: 45912 | O2: 45919 | P2: 45924 | Q2: 45926 | R2: 45931 | S2: 45938 | T2: 45940 | U2: 45945 | V2: Ерохина | X2: =CHOOSE(MATCH(X$10,$L$22:$U$22),$L24,$M24,$N24,$O24,$P24,$Q24,$R24,$S24) -> 45926 | Y2: =CHOOSE(MATCH(Y$10,$L$22:$U$22),$L24,$M24,$N24,$O24,$P24,$Q24,$R24,$S24) -> 45940 | Z2: =IF(OR(CHOOSE(MATCH(Z$10,$L$22:$U$22)+1,$L24,$M24,$N24,$O24,$P24,$Q24,$R24,$S24)>($J$14),CHOOSE(MATCH(Z$10,$L$22:$U$22)+1,$L24,$M24,$N24,$O24,$P24,$Q24,$R24,$S24)=0),"-----",CHOOSE(MATCH(Z$10,$L$22:$U$22)+1,$L24,$M24,$N24,$O24,$P24,$Q24,$R24,$S24)) -> 45933 | AA2: ----- | AB2: =IF(OR(CHOOSE(MATCH(AB$10,$L$22:$U$22)+2,$L24,$M24,$N24,$O24,$P24,$Q24,$R24,$S24)>($J$14),CHOOSE(MATCH(AB$10,$L$22:$U$22)+2,$L24,$M24,$N24,$O24,$P24,$Q24,$R24,$S24)=0),"-----",CHOOSE(MATCH(AB$10,$L$22:$U$22)+2,$L24,$M24,$N24,$O24,$P24,$Q24,$R24,$S24)) -> 45940 | AC2: ----- | AE2: =CHOOSE(MATCH(AE$10,$L$32:$U$32),$L34,$M34,$N34,$O34,$P34,$Q34,$R34,$S34) -> 45926 | AF2: =CHOOSE(MATCH(AF$10,$L$32:$U$32),$L34,$M34,$N34,$O34,$P34,$Q34,$R34,$S34) -> 45940 | AG2: =IF(OR(CHOOSE(MATCH(AG$10,$L$32:$U$32)+1,$L34,$M34,$N34,$O34,$P34,$Q34,$R34,$S34)>($J$14),CHOOSE(MATCH(AG$10,$L$32:$U$32)+1,$L34,$M34,$N34,$O34,$P34,$Q34,$R34,$S34)=0),"-----",CHOOSE(MATCH(AG$10,$L$32:$U$32)+1,$L34,$M34,$N34,$O34,$P34,$Q34,$R34,$S34)) -> 45933 | AH2: ----- | AI2: =IF(OR(CHOOSE(MATCH(AI$10,$L$32:$U$32)+2,$L34,$M34,$N34,$O34,$P34,$Q34,$R34,$S34)>($J$14),CHOOSE(MATCH(AI$10,$L$32:$U$32)+2,$L34,$M34,$N34,$O34,$P34,$Q34,$R34,$S34)=0),"-----",CHOOSE(MATCH(AI$10,$L$32:$U$32)+2,$L34,$M34,$N34,$O34,$P34,$Q34,$R34,$S34)) -> 45940 | AJ2: -----
A3: 253 | B3: БИВ | C3: 45910 | D3: 45917 | E3: 45924 | F3: 45931 | H3: Ерохина | L3: 45910 | M3: 45910 | N3: 45912 | O3: 45919 | P3: 45924 | Q3: 45926 | R3: 45931 | S3: 45938 | T3: 45940 | U3: 45945 | V3: Ерохина | X3: =CHOOSE(MATCH(X$10,$L$22:$U$22),$L25,$M25,$N25,$O25,$P25,$Q25,$R25,$S25) -> 45931 | Y3: =CHOOSE(MATCH(Y$10,$L$22:$U$22),$L25,$M25,$N25,$O25,$P25,$Q25,$R25,$S25) -> 45945 | Z3: =IF(OR(CHOOSE(MATCH(Z$10,$L$22:$U$22)+1,$L25,$M25,$N25,$O25,$P25,$Q25,$R25,$S25)>($J$14),CHOOSE(MATCH(Z$10,$L$22:$U$22)+1,$L25,$M25,$N25,$O25,$P25,$Q25,$R25,$S25)=0),"-----",CHOOSE(MATCH(Z$10,$L$22:$U$22)+1,$L25,$M25,$N25,$O25,$P25,$Q25,$R25,$S25)) -> 45938 | AA3: ----- | AB3: =IF(OR(CHOOSE(MATCH(AB$10,$L$22:$U$22)+2,$L25,$M25,$N25,$O25,$P25,$Q25,$R25,$S25)>($J$14),CHOOSE(MATCH(AB$10,$L$22:$U$22)+2,$L25,$M25,$N25,$O25,$P25,$Q25,$R25,$S25)=0),"-----",CHOOSE(MATCH(AB$10,$L$22:$U$22)+2,$L25,$M25,$N25,$O25,$P25,$Q25,$R25,$S25)) -> 45945 | AC3: ----- | AE3: =CHOOSE(MATCH(AE$10,$L$32:$U$32),$L35,$M35,$N35,$O35,$P35,$Q35,$R35,$S35) -> 45931 | AF3: =CHOOSE(MATCH(AF$10,$L$32:$U$32),$L35,$M35,$N35,$O35,$P35,$Q35,$R35,$S35) -> 45945 | AG3: =IF(OR(CHOOSE(MATCH(AG$10,$L$32:$U$32)+1,$L35,$M35,$N35,$O35,$P35,$Q35,$R35,$S35)>($J$14),CHOOSE(MATCH(AG$10,$L$32:$U$32)+1,$L35,$M35,$N35,$O35,$P35,$Q35,$R35,$S35)=0),"-----",CHOOSE(MATCH(AG$10,$L$32:$U$32)+1,$L35,$M35,$N35,$O35,$P35,$Q35,$R35,$S35)) -> 45938 | AH3: ----- | AI3: =IF(OR(CHOOSE(MATCH(AI$10,$L$32:$U$32)+2,$L35,$M35,$N35,$O35,$P35,$Q35,$R35,$S35)>($J$14),CHOOSE(MATCH(AI$10,$L$32:$U$32)+2,$L35,$M35,$N35,$O35,$P35,$Q35,$R35,$S35)=0),"-----",CHOOSE(MATCH(AI$10,$L$32:$U$32)+2,$L35,$M35,$N35,$O35,$P35,$Q35,$R35,$S35)) -> 45945 | AJ3: -----
A4: 254 | B4: БИВ | C4: 45911 | D4: 45918 | E4: 45925 | F4: 45932 | H4: Ерохина | L4: 45910 | M4: 45910 | N4: 45912 | O4: 45919 | P4: 45924 | Q4: 45926 | R4: 45931 | S4: 45938 | T4: 45940 | U4: 45945 | V4: Ерохина | X4: =CHOOSE(MATCH(X$10,$L$22:$U$22),$L26,$M26,$N26,$O26,$P26,$Q26,$R26,$S26) -> 45931 | Y4: =CHOOSE(MATCH(Y$10,$L$22:$U$22),$L26,$M26,$N26,$O26,$P26,$Q26,$R26,$S26) -> 45945 | Z4: =IF(OR(CHOOSE(MATCH(Z$10,$L$22:$U$22)+1,$L26,$M26,$N26,$O26,$P26,$Q26,$R26,$S26)>($J$14),CHOOSE(MATCH(Z$10,$L$22:$U$22)+1,$L26,$M26,$N26,$O26,$P26,$Q26,$R26,$S26)=0),"-----",CHOOSE(MATCH(Z$10,$L$22:$U$22)+1,$L26,$M26,$N26,$O26,$P26,$Q26,$R26,$S26)) -> 45938 | AA4: ----- | AB4: =IF(OR(CHOOSE(MATCH(AB$10,$L$22:$U$22)+2,$L26,$M26,$N26,$O26,$P26,$Q26,$R26,$S26)>($J$14),CHOOSE(MATCH(AB$10,$L$22:$U$22)+2,$L26,$M26,$N26,$O26,$P26,$Q26,$R26,$S26)=0),"-----",CHOOSE(MATCH(AB$10,$L$22:$U$22)+2,$L26,$M26,$N26,$O26,$P26,$Q26,$R26,$S26)) -> 45945 | AC4: ----- | AE4: =CHOOSE(MATCH(AE$10,$L$32:$U$32),$L36,$M36,$N36,$O36,$P36,$Q36,$R36,$S36) -> 45932 | AF4: =CHOOSE(MATCH(AF$10,$L$32:$U$32),$L36,$M36,$N36,$O36,$P36,$Q36,$R36,$S36) -> 45946 | AG4: =IF(OR(CHOOSE(MATCH(AG$10,$L$32:$U$32)+1,$L36,$M36,$N36,$O36,$P36,$Q36,$R36,$S36)>($J$14),CHOOSE(MATCH(AG$10,$L$32:$U$32)+1,$L36,$M36,$N36,$O36,$P36,$Q36,$R36,$S36)=0),"-----",CHOOSE(MATCH(AG$10,$L$32:$U$32)+1,$L36,$M36,$N36,$O36,$P36,$Q36,$R36,$S36)) -> 45939 | AH4: ----- | AI4: =IF(OR(CHOOSE(MATCH(AI$10,$L$32:$U$32)+2,$L36,$M36,$N36,$O36,$P36,$Q36,$R36,$S36)>($J$14),CHOOSE(MATCH(AI$10,$L$32:$U$32)+2,$L36,$M36,$N36,$O36,$P36,$Q36,$R36,$S36)=0),"-----",CHOOSE(MATCH(AI$10,$L$32:$U$32)+2,$L36,$M36,$N36,$O36,$P36,$Q36,$R36,$S36)) -> 45946 | AJ4: -----
A5: 255 | B5: БИВ | C5: 45911 | D5: 45918 | E5: 45925 | F5: 45932 | H5: Ерохина | L5: 45911 | M5: 45918 | N5: 45925 | O5: 45932 | P5: 45933 | Q5: 45933 | R5: 45938 | S5: 45939 | T5: 45940 | U5: 45945 | V5: Ерохина | X5: =CHOOSE(MATCH(X$10,$L$22:$U$22),$L27,$M27,$N27,$O27,$P27,$Q27,$R27,$S27) -> 45933 | Y5: =CHOOSE(MATCH(Y$10,$L$22:$U$22),$L27,$M27,$N27,$O27,$P27,$Q27,$R27,$S27) -> 45945 | Z5: =IF(OR(CHOOSE(MATCH(Z$10,$L$22:$U$22)+1,$L27,$M27,$N27,$O27,$P27,$Q27,$R27,$S27)>($J$14),CHOOSE(MATCH(Z$10,$L$22:$U$22)+1,$L27,$M27,$N27,$O27,$P27,$Q27,$R27,$S27)=0),"-----",CHOOSE(MATCH(Z$10,$L$22:$U$22)+1,$L27,$M27,$N27,$O27,$P27,$Q27,$R27,$S27)) -> 45940 | AA5: ----- | AB5: =IF(OR(CHOOSE(MATCH(AB$10,$L$22:$U$22)+2,$L27,$M27,$N27,$O27,$P27,$Q27,$R27,$S27)>($J$14),CHOOSE(MATCH(AB$10,$L$22:$U$22)+2,$L27,$M27,$N27,$O27,$P27,$Q27,$R27,$S27)=0),"-----",CHOOSE(MATCH(AB$10,$L$22:$U$22)+2,$L27,$M27,$N27,$O27,$P27,$Q27,$R27,$S27)) -> 45945 | AC5: ----- | AE5: =CHOOSE(MATCH(AE$10,$L$32:$U$32),$L37,$M37,$N37,$O37,$P37,$Q37,$R37,$S37) -> 45932 | AF5: =CHOOSE(MATCH(AF$10,$L$32:$U$32),$L37,$M37,$N37,$O37,$P37,$Q37,$R37,$S37) -> 45946 | AG5: =IF(OR(CHOOSE(MATCH(AG$10,$L$32:$U$32)+1,$L37,$M37,$N37,$O37,$P37,$Q37,$R37,$S37)>($J$14),CHOOSE(MATCH(AG$10,$L$32:$U$32)+1,$L37,$M37,$N37,$O37,$P37,$Q37,$R37,$S37)=0),"-----",CHOOSE(MATCH(AG$10,$L$32:$U$32)+1,$L37,$M37,$N37,$O37,$P37,$Q37,$R37,$S37)) -> 45939 | AH5: ----- | AI5: =IF(OR(CHOOSE(MATCH(AI$10,$L$32:$U$32)+2,$L37,$M37,$N37,$O37,$P37,$Q37,$R37,$S37)>($J$14),CHOOSE(MATCH(AI$10,$L$32:$U$32)+2,$L37,$M37,$N37,$O37,$P37,$Q37,$R37,$S37)=0),"-----",CHOOSE(MATCH(AI$10,$L$32:$U$32)+2,$L37,$M37,$N37,$O37,$P37,$Q37,$R37,$S37)) -> 45946 | AJ5: -----
A6: 256 | B6: БИВ | C6: 45911 | D6: 45918 | E6: 45925 | F6: 45932 | H6: Ерохина | L6: 45911 | M6: 45918 | N6: 45925 | O6: 45932 | P6: 45933 | Q6: 45933 | R6: 45938 | S6: 45939 | T6: 45940 | U6: 45945 | V6: Ерохина | X6: =CHOOSE(MATCH(X$10,$L$22:$U$22),$L28,$M28,$N28,$O28,$P28,$Q28,$R28,$S28) -> 45932 | Y6: =CHOOSE(MATCH(Y$10,$L$22:$U$22),$L28,$M28,$N28,$O28,$P28,$Q28,$R28,$S28) -> 45946 | Z6: =IF(OR(CHOOSE(MATCH(Z$10,$L$22:$U$22)+1,$L28,$M28,$N28,$O28,$P28,$Q28,$R28,$S28)>($J$14),CHOOSE(MATCH(Z$10,$L$22:$U$22)+1,$L28,$M28,$N28,$O28,$P28,$Q28,$R28,$S28)=0),"-----",CHOOSE(MATCH(Z$10,$L$22:$U$22)+1,$L28,$M28,$N28,$O28,$P28,$Q28,$R28,$S28)) -> 45939 | AA6: ----- | AB6: =IF(OR(CHOOSE(MATCH(AB$10,$L$22:$U$22)+2,$L28,$M28,$N28,$O28,$P28,$Q28,$R28,$S28)>($J$14),CHOOSE(MATCH(AB$10,$L$22:$U$22)+2,$L28,$M28,$N28,$O28,$P28,$Q28,$R28,$S28)=0),"-----",CHOOSE(MATCH(AB$10,$L$22:$U$22)+2,$L28,$M28,$N28,$O28,$P28,$Q28,$R28,$S28)) -> 45946 | AC6: ----- | AE6: =CHOOSE(MATCH(AE$10,$L$32:$U$32),$L38,$M38,$N38,$O38,$P38,$Q38,$R38,$S38) -> 45929 | AF6: =CHOOSE(MATCH(AF$10,$L$32:$U$32),$L38,$M38,$N38,$O38,$P38,$Q38,$R38,$S38) -> 45943 | AG6: =IF(OR(CHOOSE(MATCH(AG$10,$L$32:$U$32)+1,$L38,$M38,$N38,$O38,$P38,$Q38,$R38,$S38)>($J$14),CHOOSE(MATCH(AG$10,$L$32:$U$32)+1,$L38,$M38,$N38,$O38,$P38,$Q38,$R38,$S38)=0),"-----",CHOOSE(MATCH(AG$10,$L$32:$U$32)+1,$L38,$M38,$N38,$O38,$P38,$Q38,$R38,$S38)) -> 45936 | AH6: ----- | AI6: =IF(OR(CHOOSE(MATCH(AI$10,$L$32:$U$32)+2,$L38,$M38,$N38,$O38,$P38,$Q38,$R38,$S38)>($J$14),CHOOSE(MATCH(AI$10,$L$32:$U$32)+2,$L38,$M38,$N38,$O38,$P38,$Q38,$R38,$S38)=0),"-----",CHOOSE(MATCH(AI$10,$L$32:$U$32)+2,$L38,$M38,$N38,$O38,$P38,$Q38,$R38,$S38)) -> 45943 | AJ6: -----
A7: 257 | B7: БИВ | C7: 45912 | D7: 45912 | E7: 45919 | F7: 45919 | H7: Ерохина | L7: 45911 | M7: 45918 | N7: 45925 | O7: 45932 | P7: 45933 | Q7: 45933 | R7: 45938 | S7: 45939 | T7: 45940 | U7: 45945 | V7: Ерохина | X7: =CHOOSE(MATCH(X$10,$L$22:$U$22),$L29,$M29,$N29,$O29,$P29,$Q29,$R29,$S29) -> 45931 | Y7: =CHOOSE(MATCH(Y$10,$L$22:$U$22),$L29,$M29,$N29,$O29,$P29,$Q29,$R29,$S29) -> 45952 | Z7: =IF(OR(CHOOSE(MATCH(Z$10,$L$22:$U$22)+1,$L29,$M29,$N29,$O29,$P29,$Q29,$R29,$S29)>($J$14),CHOOSE(MATCH(Z$10,$L$22:$U$22)+1,$L29,$M29,$N29,$O29,$P29,$Q29,$R29,$S29)=0),"-----",CHOOSE(MATCH(Z$10,$L$22:$U$22)+1,$L29,$M29,$N29,$O29,$P29,$Q29,$R29,$S29)) -> 45938 | AA7: ----- | AB7: =IF(OR(CHOOSE(MATCH(AB$10,$L$22:$U$22)+2,$L29,$M29,$N29,$O29,$P29,$Q29,$R29,$S29)>($J$14),CHOOSE(MATCH(AB$10,$L$22:$U$22)+2,$L29,$M29,$N29,$O29,$P29,$Q29,$R29,$S29)=0),"-----",CHOOSE(MATCH(AB$10,$L$22:$U$22)+2,$L29,$M29,$N29,$O29,$P29,$Q29,$R29,$S29)) -> 45952 | AC7: ----- | AE7: =CHOOSE(MATCH(AE$10,$L$32:$U$32),$L39,$M39,$N39,$O39,$P39,$Q39,$R39,$S39) -> 45929 | AF7: =CHOOSE(MATCH(AF$10,$L$32:$U$32),$L39,$M39,$N39,$O39,$P39,$Q39,$R39,$S39) -> 45943 | AG7: =IF(OR(CHOOSE(MATCH(AG$10,$L$32:$U$32)+1,$L39,$M39,$N39,$O39,$P39,$Q39,$R39,$S39)>($J$14),CHOOSE(MATCH(AG$10,$L$32:$U$32)+1,$L39,$M39,$N39,$O39,$P39,$Q39,$R39,$S39)=0),"-----",CHOOSE(MATCH(AG$10,$L$32:$U$32)+1,$L39,$M39,$N39,$O39,$P39,$Q39,$R39,$S39)) -> 45936 | AH7: ----- | AI7: =IF(OR(CHOOSE(MATCH(AI$10,$L$32:$U$32)+2,$L39,$M39,$N39,$O39,$P39,$Q39,$R39,$S39)>($J$14),CHOOSE(MATCH(AI$10,$L$32:$U$32)+2,$L39,$M39,$N39,$O39,$P39,$Q39,$R39,$S39)=0),"-----",CHOOSE(MATCH(AI$10,$L$32:$U$32)+2,$L39,$M39,$N39,$O39,$P39,$Q39,$R39,$S39)) -> 45943 | AJ7: -----
A8: 258 | B8: БИВ | C8: 45913 | D8: 45920 | E8: 45934 | F8: 45941 | H8: Ерохина | L8: 45906 | M8: 45913 | N8: 45920 | O8: 45927 | P8: 45934 | Q8: 45935 | R8: 45941 | S8: 45942 | T8: 45948 | U8: 45949 | V8: Ерохина | X8: =CHOOSE(MATCH(X$10,$L$22:$U$22),$L30,$M30,$N30,$O30,$P30,$Q30,$R30,$S30) -> 45918 | Y8: =CHOOSE(MATCH(Y$10,$L$22:$U$22),$L30,$M30,$N30,$O30,$P30,$Q30,$R30,$S30) -> 45932 | Z8: =IF(OR(CHOOSE(MATCH(Z$10,$L$22:$U$22)+1,$L30,$M30,$N30,$O30,$P30,$Q30,$R30,$S30)>($J$14),CHOOSE(MATCH(Z$10,$L$22:$U$22)+1,$L30,$M30,$N30,$O30,$P30,$Q30,$R30,$S30)=0),"-----",CHOOSE(MATCH(Z$10,$L$22:$U$22)+1,$L30,$M30,$N30,$O30,$P30,$Q30,$R30,$S30)) -> 45925 | AA8: ----- | AB8: =IF(OR(CHOOSE(MATCH(AB$10,$L$22:$U$22)+2,$L30,$M30,$N30,$O30,$P30,$Q30,$R30,$S30)>($J$14),CHOOSE(MATCH(AB$10,$L$22:$U$22)+2,$L30,$M30,$N30,$O30,$P30,$Q30,$R30,$S30)=0),"-----",CHOOSE(MATCH(AB$10,$L$22:$U$22)+2,$L30,$M30,$N30,$O30,$P30,$Q30,$R30,$S30)) -> 45932 | AC8: ----- | AE8: =CHOOSE(MATCH(AE$10,$L$32:$U$32),$L40,$M40,$N40,$O40,$P40,$Q40,$R40,$S40) -> 45912 | AF8: =CHOOSE(MATCH(AF$10,$L$32:$U$32),$L40,$M40,$N40,$O40,$P40,$Q40,$R40,$S40) -> 45914 | AG8: =IF(OR(CHOOSE(MATCH(AG$10,$L$32:$U$32)+1,$L40,$M40,$N40,$O40,$P40,$Q40,$R40,$S40)>($J$14),CHOOSE(MATCH(AG$10,$L$32:$U$32)+1,$L40,$M40,$N40,$O40,$P40,$Q40,$R40,$S40)=0),"-----",CHOOSE(MATCH(AG$10,$L$32:$U$32)+1,$L40,$M40,$N40,$O40,$P40,$Q40,$R40,$S40)) -> 45913 | AH8: ----- | AI8: =IF(OR(CHOOSE(MATCH(AI$10,$L$32:$U$32)+2,$L40,$M40,$N40,$O40,$P40,$Q40,$R40,$S40)>($J$14),CHOOSE(MATCH(AI$10,$L$32:$U$32)+2,$L40,$M40,$N40,$O40,$P40,$Q40,$R40,$S40)=0),"-----",CHOOSE(MATCH(AI$10,$L$32:$U$32)+2,$L40,$M40,$N40,$O40,$P40,$Q40,$R40,$S40)) -> 45914 | AJ8: -----
A9: 259 | B9: БИВ | C9: 45920 | D9: 45932 | E9: 45934 | F9: 45941 | H9: Ерохина | L9: 45906 | M9: 45913 | N9: 45920 | O9: 45927 | P9: 45934 | Q9: 45935 | R9: 45941 | S9: 45942 | T9: 45948 | U9: 45949 | V9: Ерохина | X9: =CHOOSE(MATCH(X$10,$L$22:$U$22),$L30,$M30,$N30,$O30,$P30,$Q30,$R30,$S30) -> 45918 | Y9: =CHOOSE(MATCH(Y$10,$L$22:$U$22),$L30,$M30,$N30,$O30,$P30,$Q30,$R30,$S30) -> 45932 | Z9: =IF(OR(CHOOSE(MATCH(Z$10,$L$22:$U$22)+1,$L30,$M30,$N30,$O30,$P30,$Q30,$R30,$S30)>($J$14),CHOOSE(MATCH(Z$10,$L$22:$U$22)+1,$L30,$M30,$N30,$O30,$P30,$Q30,$R30,$S30)=0),"-----",CHOOSE(MATCH(Z$10,$L$22:$U$22)+1,$L30,$M30,$N30,$O30,$P30,$Q30,$R30,$S30)) -> 45925 | AA9: ----- | AB9: =IF(OR(CHOOSE(MATCH(AB$10,$L$22:$U$22)+2,$L30,$M30,$N30,$O30,$P30,$Q30,$R30,$S30)>($J$14),CHOOSE(MATCH(AB$10,$L$22:$U$22)+2,$L30,$M30,$N30,$O30,$P30,$Q30,$R30,$S30)=0),"-----",CHOOSE(MATCH(AB$10,$L$22:$U$22)+2,$L30,$M30,$N30,$O30,$P30,$Q30,$R30,$S30)) -> 45932 | AC9: ----- | AE9: =CHOOSE(MATCH(AE$10,$L$32:$U$32),$L41,$M41,$N41,$O41,$P41,$Q41,$R41,$S41) -> 45912 | AF9: =CHOOSE(MATCH(AF$10,$L$32:$U$32),$L41,$M41,$N41,$O41,$P41,$Q41,$R41,$S41) -> 45914 | AG9: =IF(OR(CHOOSE(MATCH(AG$10,$L$32:$U$32)+1,$L41,$M41,$N41,$O41,$P41,$Q41,$R41,$S41)>($J$14),CHOOSE(MATCH(AG$10,$L$32:$U$32)+1,$L41,$M41,$N41,$O41,$P41,$Q41,$R41,$S41)=0),"-----",CHOOSE(MATCH(AG$10,$L$32:$U$32)+1,$L41,$M41,$N41,$O41,$P41,$Q41,$R41,$S41)) -> 45913 | AH9: ----- | AI9: =IF(OR(CHOOSE(MATCH(AI$10,$L$32:$U$32)+2,$L41,$M41,$N41,$O41,$P41,$Q41,$R41,$S41)>($J$14),CHOOSE(MATCH(AI$10,$L$32:$U$32)+2,$L41,$M41,$N41,$O41,$P41,$Q41,$R41,$S41)=0),"-----",CHOOSE(MATCH(AI$10,$L$32:$U$32)+2,$L41,$M41,$N41,$O41,$P41,$Q41,$R41,$S41)) -> 45914 | AJ9: -----
X10: 1 | Y10: 2 | Z10: 1 | AA10: 2 | AB10: 1 | AC10: 2 | AE10: 1 | AF10: 2 | AG10: 1 | AH10: 2 | AI10: 1 | AJ10: 2
C11: Семинары | L11: Лекции | X11: Лабораторные | Z11: 1 | AE11: Лабораторные | AG11: 2
X12: 1 | Z12: 0.6 | AB12: 0.4 | AE12: 1 | AG12: 0.6 | AI12: 0.4
C14: Дата окончания модуля | J14: 45956 | R14: 1 | T14: Алгоритмизация и программирование | Z14: 2025/2026
C16: лаб | D16: сем | E16: лекц | F16: к.р. | H16: К.С.
B17: Нак | C17: 7 | D17: 1 | E17: 2 | F17: 0 | H17: =SUM(C17:F17) -> 10
B18: Итог | H18: =SUM(C18:D18) -> 0
B20: 1 | C20: 1 | D20: 1 подгруппа
B21: 2 | C21: 0.6 | L21: дедлайн на неделе 1 лаба и 2 лаба
B22: 3 | C22: 0.4 | M22: 1 | O22: 2
J23: 1 подгруппа | K23: 251 | L23: 45925 | M23: 45932 | N23: 45939 | O23: 45946 | Q23: 1
B24: 1 | C24: 1 | D24: 2 подгруппа | K24: 252 | L24: 45919 | M24: 45926 | N24: 45933 | O24: 45940 | Q24: 3
B25: 2 | C25: 0.6 | K25: 253 | L25: 45924 | M25: 45931 | N25: 45938 | O25: 45945 | Q25: 5
B26: 3 | C26: 0.4 | K26: 254 | L26: 45924 | M26: 45931 | N26: 45938 | O26: 45945 | Q26: 7
K27: 255 | L27: 45926 | M27: 45933 | N27: 45940 | O27: 45945 | Q27: 9
K28: 256 | L28: 45925 | M28: 45932 | N28: 45939 | O28: 45946 | Q28: 11
K29: 257 | L29: 45924 | M29: 45931 | N29: 45938 | O29: 45952 | Q29: 13
K30: 258 | L30: 45911 | M30: 45918 | N30: 45925 | O30: 45932 | Q30: 15
K31: 259 | L31: 45911 | M31: 45911 | N31: 45925 | O31: 45925 | Q31: 17
M32: 1 | O32: 2
J33: 2 подгруппа | K33: 251 | L33: 45925 | M33: 45932 | N33: 45939 | O33: 45946 | Q33: 2
K34: 252 | L34: 45919 | M34: 45926 | N34: 45933 | O34: 45940 | Q34: 4
K35: 253 | L35: 45924 | M35: 45931 | N35: 45938 | O35: 45945 | Q35: 6
K36: 254 | L36: 45925 | M36: 45932 | N36: 45939 | O36: 45946 | Q36: 8
K37: 255 | L37: 45925 | M37: 45932 | N37: 45939 | O37: 45946 | Q37: 10
K38: 256 | L38: 45922 | M38: 45929 | N38: 45936 | O38: 45943 | Q38: 12
K39: 257 | L39: 45922 | M39: 45929 | N39: 45936 | O39: 45943 | Q39: 14
K40: 258 | L40: 45911 | M40: 45912 | N40: 45913 | O40: 45914 | Q40: 16
K41: 259 | L41: 45911 | M41: 45912 | N41: 45913 | O41: 45914 | Q41: 18

Sheet списки групп
A2: № п\п | B2: № вар | C2: подгруппа | D2: Группа 251 | E2: Староста: | H2: № п\п | I2: № вар | J2: подгруппа | K2: 252 | L2: Староста: | O2: № п\п | P2: № вар | Q2: подгруппа | R2: 253 | S2: Староста: | V2: № п\п | W2: № вар | X2: подгруппа | Y2: 254 | Z2: Староста: | AC2: № п\п | AD2: № вар | AE2: подгруппа | AF2: 255 | AG2: Староста: | AJ2: № п\п | AK2: № вар | AL2: подгруппа | AM2: 256 | AN2: Староста: | AR2: № п\п | AS2: № вар | AT2: подгруппа | AU2: 257 | AV2: Староста: | AY2: № п\п | AZ2: № вар | BA2: подгруппа | BB2: 258 | BC2: Староста: | BF2: № п\п | BG2: № вар | BH2: подгруппа | BI2: 259 | BJ2: Староста:
E3: Зам. Старосты: | L3: Зам. Старосты: | S3: Зам. Старосты: | Z3: Зам. Старосты: | AG3: Зам. Старосты: | AN3: Зам. Старосты: | AV3: Зам. Старосты: | BC3: Зам. Старосты: | BJ3: Зам. Старосты:
A5: 1 | B5: 131 | C5: 1 | D5: Амеличев | E5: Иван | F5: Владимирович | H5: 1 | I5: 171 | J5: 1 | K5: Баранова | L5: Мария | M5: Максимовна | O5: 1 | P5: 211 | Q5: 1 | R5: Александров | S5: Арсений | T5: Андреевич | V5: 1 | W5: 251 | X5: 1 | Y5: Абертасова | Z5: Екатерина | AA5: Александровна | AC5: 1 | AD5: 291 | AE5: 1 | AF5: Абашилов | AG5: Магомед | AH5: Тагирович | AJ5: 1 | AK5: 331 | AL5: 1 | AM5: Александров | AN5: Александр | AO5: Александрович | AR5: 1 | AS5: 371 | AT5: 1 | AU5: Абданбаева | AV5: Айдана | AW5: Женишбековна
A6: 2 | B6: 132 | C6: 1 | D6: Бондарь | E6: Алёна | F6: Витальевна | H6: 2 | I6: 172 | J6: 1 | K6: Васина | L6: Наталья | M6: Васильевна | O6: 2 | P6: 212 | Q6: 1 | R6: Белых | S6: Илья | V6: 2 | W6: 252 | X6: 1 | Y6: Андреев | Z6: Глеб | AA6: Андреевич | AC6: 2 | AD6: 292 | AE6: 1 | AF6: Абрамова | AG6: Мария | AH6: Константиновна | AJ6: 2 | AK6: 332 | AL6: 1 | AM6: Батура | AN6: Иван | AO6: Алексеевич | AR6: 2 | AS6: 372 | AT6: 1 | AU6: Абрамов | AV6: Андрей | AW6: Игоревич
A7: 3 | B7: 133 | C7: 1 | D7: Брагута | E7: Иван | F7: Викторович | H7: 3 | I7: 173 | J7: 1 | K7: Воробьев | L7: Леонид | M7: Андреевич | O7: 3 | P7: 213 | Q7: 1 | R7: Беляков | S7: Тимофей | T7: Викторович | V7: 3 | W7: 253 | X7: 1 | Y7: Андреева | Z7: Мария | AA7: Александровна | AC7: 3 | AD7: 293 | AE7: 1 | AF7: Агамалян | AG7: Саркис | AH7: Владимирович | AJ7: 3 | AK7: 333 | AL7: 1 | AM7: Богославский | AN7: Родион | AO7: Станиславович | AR7: 3 | AS7: 373 | AT7: 1 | AU7: Антропова | AV7: Софья | AW7: Дмитриевна
A8: 4 | B8: 134 | C8: 1 | D8: Воронцова | E8: Алиса | F8: Александровна | H8: 4 | I8: 174 | J8: 1 | K8: Галкин | L8: Михаил | M8: Ярославович | O8: 4 | P8: 214 | Q8: 1 | R8: Боттаева | S8: Элина | T8: Арсеновна | V8: 4 | W8: 254 | X8: 1 | Y8: Астанин | Z8: Александр | AA8: Владимирович | AC8: 4 | AD8: 294 | AE8: 1 | AF8: Анчы | AG8: Владимир | AH8: Вячеславович | AJ8: 4 | AK8: 334 | AL8: 1 | AM8: Бондаренко | AN8: Арсений | AO8: Александрович | AR8: 4 | AS8: 374 | AT8: 1 | AU8: Белякова | AV8: Анастасия | AW8: Артемовна
A9: 5 | B9: 135 | C9: 1 | D9: Горбунов | E9: Демид | F9: Александрович | H9: 5 | I9: 175 | J9: 1 | K9: Демина | L9: Анна | M9: Андреевна | O9: 5 | P9: 215 | Q9: 1 | R9: Васильев | S9: Пётр | T9: Владимирович | V9: 5 | W9: 255 | X9: 1 | Y9: Астудийо | Z9: Даниэль | AA9: Рамилевич | AC9: 5 | AD9: 295 | AE9: 1 | AF9: Аслаханов | AG9: Адлан | AH9: Асламбекович | AJ9: 5 | AK9: 335 | AL9: 1 | AM9: Глинкин | AN9: Вячеслав | AO9: Александрович | AR9: 5 | AS9: 375 | AT9: 1 | AU9: Будаев | AV9: Тимур | AW9: Баторович
A10: 6 | B10: 136 | C10: 1 | D10: Григоращенко | E10: Алексей | F10: Андреевич | H10: 6 | I10: 176 | J10: 1 | K10: Егорычев | L10: Даниил | M10: Ильич | O10: 6 | P10: 216 | Q10: 1 | R10: Вронская | S10: Вероника | T10: Владиславовна | V10: 6 | W10: 256 | X10: 1 | Y10: Гладких | Z10: Максим | AA10: Андреевич | AC10: 6 | AD10: 296 | AE10: 1 | AF10: Бова | AG10: Ульяна | AH10: Алексеевна | AJ10: 6 | AK10: 336 | AL10: 1 | AM10: Горячева | AN10: Алиса | AO10: Дмитриевна | AR10: 6 | AS10: 376 | AT10: 1 | AU10: Воробьев | AV10: Владимир | AW10: Юрьевич
A11: 7 | B11: 137 | C11: 1 | D11: Грицук | E11: Иван | F11: Алексеевич | H11: 7 | I11: 177 | J11: 1 | K11: Еремкин | L11: Константин | M11: Сергеевич | O11: 7 | P11: 217 | Q11: 1 | R11: Деречинский | S11: Степан | T11: Денисович | V11: 7 | W11: 257 | X11: 1 | Y11: Грушихин | Z11: Сергей | AA11: Юрьевич | AC11: 7 | AD11: 297 | AE11: 1 | AF11: Борисов | AG11: Александр | AH11: Павлович | AJ11: 7 | AK11: 337 | AL11: 1 | AM11: Жарова | AN11: Екатерина | AO11: Васильевна | AR11: 7 | AS11: 377 | AT11: 1 | AU11: Гобеев | AV11: Алихан | AW11: Владиславович
A12: 8 | B12: 138 | C12: 1 | D12: Евсеева | E12: Елизавета | F12: Алексеевна | H12: 8 | I12: 178 | J12: 1 | K12: Иванов | L12: Никита | M12: Ильич | O12: 8 | P12: 218 | Q12: 1 | R12: Исланов | S12: Амин | T12: Русланович | V12: 8 | W12: 258 | X12: 1 | Y12: Гурушкин | Z12: Андрей | AA12: Александрович | AC12: 8 | AD12: 298 | AE12: 1 | AF12: Бочарский | AG12: Григорий | AH12: Константинович | AJ12: 8 | AK12: 338 | AL12: 1 | AM12: Калинин | AN12: Кирилл | AO12: Константинович | AR12: 8 | AS12: 378 | AT12: 1 | AU12: Давыдов | AV12: Дмитрий | AW12: Олегович
A13: 9 | B13: 139 | C13: 1 | D13: Захаров | E13: Даниил | F13: Дмитриевич | H13: 9 | I13: 179 | J13: 1 | K13: Капитанов | L13: Антон | M13: Петрович | O13: 9 | P13: 219 | Q13: 1 | R13: Ишкин | S13: Артём | T13: Александрович | V13: 9 | W13: 259 | X13: 1 | Y13: Кацаров | Z13: Роберт | AA13: Димитров | AC13: 9 | AD13: 299 | AE13: 1 | AF13: Васильев | AG13: Пётр | AH13: Анатольевич | AJ13: 9 | AK13: 339 | AL13: 1 | AM13: Кошелев | AN13: Николай | AO13: Юрьевич | AR13: 9 | AS13: 379 | AT13: 1 | AU13: Деденёв | AV13: Кирилл | AW13: Дмитриевич
A14: 10 | B14: 140 | C14: 1 | D14: Зотов | E14: Савелий | F14: Вячеславович | H14: 10 | I14: 180 | J14: 1 | K14: Капустин | L14: Роман | M14: Сергеевич | O14: 10 | P14: 220 | Q14: 1 | R14: Караулов | S14: Арсений | T14: Максимович | V14: 10 | W14: 260 | X14: 1 | Y14: Клековкин | Z14: Владислав | AA14: Дмитриевич | AC14: 10 | AD14: 300 | AE14: 1 | AF14: Вдовина | AG14: Марина | AH14: Максимовна | AJ14: 10 | AK14: 340 | AL14: 1 | AM14: Кузнецова | AN14: Алёна | AO14: Павловна | AR14: 10 | AS14: 380 | AT14: 1 | AU14: Жуков | AV14: Игорь | AW14: Максимович
A15: 11 | B15: 141 | C15: 1 | D15: Ивочкин | E15: Никита | F15: Олегович | H15: 11 | I15: 181 | J15: 1 | K15: Коноплев | L15: Кирилл | M15: Владимирович | O15: 11 | P15: 221 | Q15: 1 | R15: Картал | S15: Боян | T15: Бранкович | V15: 11 | W15: 261 | X15: 1 | Y15: Кочетков | Z15: Владислав | AA15: Алексеевич | AC15: 11 | AD15: 301 | AE15: 1 | AF15: Власенков | AG15: Максим | AH15: Максимович | AJ15: 11 | AK15: 341 | AL15: 1 | AM15: Магомедэминов | AN15: Никита | AO15: Сергеевич | AR15: 11 | AS15: 381 | AT15: 1 | AU15: Захаров | AV15: Арсений | AW15: Вадимович
A16: 12 | B16: 142 | C16: 1 | D16: Карташев | E16: Матвей | F16: Евгеньевич | H16: 12 | I16: 182 | J16: 1 | K16: Кузнецова | L16: Арина | M16: Михайловна | O16: 12 | P16: 222 | Q16: 1 | R16: Коновалов | S16: Михаил | T16: Васильевич | V16: 12 | W16: 262 | X16: 1 | Y16: Криушин | Z16: Глеб | AA16: Сергеевич | AC16: 12 | AD16: 302 | AE16: 1 | AF16: Воронков | AG16: Илья | AH16: Дмитриевич | AJ16: 12 | AK16: 342 | AL16: 1 | AM16: Моисеев | AN16: Дмитрий | AO16: Юрьевич | AR16: 12 | AS16: 382 | AT16: 1 | AU16: Ибрагимова | AV16: Саида | AW16: Магомедовна
A17: 13 | B17: 143 | C17: 1 | D17: Кленов | E17: Дмитрий | F17: Станиславович | H17: 13 | I17: 183 | J17: 1 | K17: Лубенец | L17: Илья | M17: Александрович | O17: 13 | P17: 223 | Q17: 1 | R17: Косицын | S17: Василий | T17: Иванович | V17: 13 | W17: 263 | X17: 1 | Y17: Ласточкин | Z17: Сергей | AA17: Владимирович | AC17: 13 | AD17: 303 | AE17: 1 | AF17: Гайдадина | AG17: Мария | AH17: Алексеевна | AJ17: 13 | AK17: 343 | AL17: 1 | AM17: Наташкин | AN17: Евгений | AO17: Сергеевич | AR17: 13 | AS17: 383 | AT17: 1 | AU17: Ким | AV17: Ванэсса | AW17: Кирилловна
A18: 14 | B18: 144 | C18: 1 | D18: Комин | E18: Вадим | F18: Николаевич | H18: 14 | I18: 184 | J18: 1 | K18: Макейчук | L18: Владислава | M18: Юрьевна | O18: 14 | P18: 224 | Q18: 1 | R18: Лазарев | S18: Вадим | T18: Дмитриевич | V18: 14 | W18: 264 | X18: 1 | Y18: Левиков | Z18: Степан | AA18: Юрьевич | AC18: 14 | AD18: 304 | AE18: 1 | AF18: Гордеева | AG18: Анастасия | AH18: Андреевна | AJ18: 14 | AK18: 344 | AL18: 1 | AM18: Остроушко | AN18: Михаил | AO18: Витальевич | AR18: 14 | AS18: 384 | AT18: 1 | AU18: Лапшин | AV18: Дмитрий | AW18: Михайлович
... A32: 28 | B32: 158 | C32: 2 | D32: Шумак | E32: Максим | F32: Геннадьевич | H32: 28 | I32: 198 | J32: 2 | K32: Юсупов | L32: Салман | M32: Рамилевич | O32: 28 | P32: 238 | Q32: 2 | R32: Шишкарев | S32: Иван | T32: Павлович | V32: 28 | W32: 278 | X32: 2 | Y32: Чудакова | Z32: Елизавета | AA32: Павловна | AC32: 28 | AD32: 318 | AE32: 2 | AF32: Шапкин | AG32: Семён | AH32: Григорьевич | AJ32: 28 | AK32: 358 | AL32: 2 | AM32: Шепурев | AN32: Степан | AO32: Сергеевич | AR32: 28 | AS32: 398 | AT32: 2 | AU32: Шохин | AV32: Александр | AW32: Сергеевич
A33: 29 | B33: 29 | H33: 29 | I33: 197 | J33: 2 | K33: Розыкулыев | L33: Дияр | M33: Рустамович | O33: 29 | P33: 110 | V33: 29 | W33: 148 | AC33: 29 | AD33: 188 | AJ33: 29 | AK33: 259 | AL33: 1 | AM33: Глинкин | AN33: Вячеслав | AO33: Александрович | AR33: 29 | AS33: 268
A34: 30 | B34: 30 | H34: 30 | I34: 198 | J34: 1 | K34: Гришук | L34: Илья | M34: Александрович | O34: 30 | P34: 111 | V34: 30 | W34: 149 | AC34: 30 | AD34: 189 | AJ34: 30 | AK34: 229 | AR34: 30 | AS34: 269
A35: 31 | B35: 31 | H35: 31 | I35: 82 | O35: 31 | P35: 112 | V35: 31 | W35: 150 | AC35: 31 | AD35: 190 | AJ35: 31 | AK35: 230 | AR35: 31 | AS35: 270
V36: 32 | W36: 151 | AC36: 32 | AD36: 191 | AJ36: 32 | AK36: 231 | AR36: 32 | AS36: 271
V37: 33 | W37: 152 | AC37: 33 | AD37: 192 | AJ37: 33 | AK37: 232 | AR37: 33 | AS37: 272

Sheet 251-БИВ
A1: =CONCATENATE('Даты занятий'!T14," ",'Даты занятий'!R14," модуль ",'Даты занятий'!Z14, ) -> Алгоритмизация и программирование 1 модуль 2025/2026 | H1: =CONCATENATE('Даты занятий'!A1,"-",'Даты занятий'!B1) -> 251-БИВ
A2: № | B2: Вариант | C2: Подгруппа | D2: Фамилия | E2: Имя | F2: =CONCATENATE("лаб ",L4) -> лаб 1 | H2: =CONCATENATE("лаб ",M4) -> лаб 2 | L2: баллы за лаб.раб. | O2: семинары | T2: лекции | AE2: текущ за модуль | AF2: округл за модуль
F3: =CONCATENATE("часть ",IF(F2<>0,1,RIGHT(D3,1)+1)) -> часть 1 | H3: =CONCATENATE("часть ",IF(H2<>0,1,RIGHT(F3,1)+1)) -> часть 1
F4: Дата | G4: Б | H4: Дата | I4: Б | J4: Дата | K4: Б | L4: 1 | M4: =IF(L4=8,1,L4+1) -> 2 | N4: сумма | O4: =IF(LEFT($H$1,3)="251",'Даты занятий'!C$1,IF(LEFT($H$1,3)="252",'Даты занятий'!C$2,IF(LEFT($H$1,3)="253",'Даты занятий'!C$3,IF(LEFT($H$1,3)="254",'Даты занятий'!C$4,IF(LEFT($H$1,3)="255",'Даты занятий'!C$5,IF(LEFT($H$1,3)="256",'Даты занятий'!C$6,IF(LEFT($H$1,3)="257",'Даты занятий'!C$7, IF(LEFT($H$1,3)="258",'Даты занятий'!C$8, IF(LEFT($H$1,3)="259",'Даты занятий'!C$9,"ERR"))))))))) -> 45917 | P4: =IF(LEFT($H$1,3)="251",'Даты занятий'!D$1,IF(LEFT($H$1,3)="252",'Даты занятий'!D$2,IF(LEFT($H$1,3)="253",'Даты занятий'!D$3,IF(LEFT($H$1,3)="254",'Даты занятий'!D$4,IF(LEFT($H$1,3)="255",'Даты занятий'!D$5,IF(LEFT($H$1,3)="256",'Даты занятий'!D$6,IF(LEFT($H$1,3)="257",'Даты занятий'!D$7, IF(LEFT($H$1,3)="258",'Даты занятий'!D$8, IF(LEFT($H$1,3)="259",'Даты занятий'!D$9,"ERR"))))))))) -> 45924 | Q4: =IF(LEFT($H$1,3)="251",'Даты занятий'!E$1,IF(LEFT($H$1,3)="252",'Даты занятий'!E$2,IF(LEFT($H$1,3)="253",'Даты занятий'!E$3,IF(LEFT($H$1,3)="254",'Даты занятий'!E$4,IF(LEFT($H$1,3)="255",'Даты занятий'!E$5,IF(LEFT($H$1,3)="256",'Даты занятий'!E$6,IF(LEFT($H$1,3)="257",'Даты занятий'!E$7, IF(LEFT($H$1,3)="258",'Даты занятий'!E$8, IF(LEFT($H$1,3)="259",'Даты занятий'!E$9,"ERR"))))))))) -> 45931 | R4: =IF(LEFT($H$1,3)="251",'Даты занятий'!F$1,IF(LEFT($H$1,3)="252",'Даты занятий'!F$2,IF(LEFT($H$1,3)="253",'Даты занятий'!F$3,IF(LEFT($H$1,3)="254",'Даты занятий'!F$4,IF(LEFT($H$1,3)="255",'Даты занятий'!F$5,IF(LEFT($H$1,3)="256",'Даты занятий'!F$6,IF(LEFT($H$1,3)="257",'Даты занятий'!F$7, IF(LEFT($H$1,3)="258",'Даты занятий'!F$8, IF(LEFT($H$1,3)="259",'Даты занятий'!F$9,"ERR"))))))))) -> 45938 | S4: сумма | T4: =IF(LEFT($H$1,3)="251",'Даты занятий'!L$1,IF(LEFT($H$1,3)="252",'Даты занятий'!L$2,IF(LEFT($H$1,3)="253",'Даты занятий'!L$3,IF(LEFT($H$1,3)="254",'Даты занятий'!L$4,IF(LEFT($H$1,3)="255",'Даты занятий'!L$5,IF(LEFT($H$1,3)="256",'Даты занятий'!L$6,IF(LEFT($H$1,3)="257",'Даты занятий'!L$7,IF(LEFT($H$1,3)="258",'Даты занятий'!L$8,IF(LEFT($H$1,3)="259",'Даты занятий'!L$9))))))))) -> 45910 | U4: =IF(LEFT($H$1,3)="251",'Даты занятий'!M$1,IF(LEFT($H$1,3)="252",'Даты занятий'!M$2,IF(LEFT($H$1,3)="253",'Даты занятий'!M$3,IF(LEFT($H$1,3)="254",'Даты занятий'!M$4,IF(LEFT($H$1,3)="255",'Даты занятий'!M$5,IF(LEFT($H$1,3)="256",'Даты занятий'!M$6,IF(LEFT($H$1,3)="257",'Даты занятий'!M$7,IF(LEFT($H$1,3)="258",'Даты занятий'!M$8,IF(LEFT($H$1,3)="259",'Даты занятий'!M$9))))))))) -> 45910 | V4: =IF(LEFT($H$1,3)="251",'Даты занятий'!N$1,IF(LEFT($H$1,3)="252",'Даты занятий'!N$2,IF(LEFT($H$1,3)="253",'Даты занятий'!N$3,IF(LEFT($H$1,3)="254",'Даты занятий'!N$4,IF(LEFT($H$1,3)="255",'Даты занятий'!N$5,IF(LEFT($H$1,3)="256",'Даты занятий'!N$6,IF(LEFT($H$1,3)="257",'Даты занятий'!N$7,IF(LEFT($H$1,3)="258",'Даты занятий'!N$8,IF(LEFT($H$1,3)="259",'Даты занятий'!N$9))))))))) -> 45912 | W4: =IF(LEFT($H$1,3)="251",'Даты занятий'!O$1,IF(LEFT($H$1,3)="252",'Даты занятий'!O$2,IF(LEFT($H$1,3)="253",'Даты занятий'!O$3,IF(LEFT($H$1,3)="254",'Даты занятий'!O$4,IF(LEFT($H$1,3)="255",'Даты занятий'!O$5,IF(LEFT($H$1,3)="256",'Даты занятий'!O$6,IF(LEFT($H$1,3)="257",'Даты занятий'!O$7,IF(LEFT($H$1,3)="258",'Даты занятий'!O$8,IF(LEFT($H$1,3)="259",'Даты занятий'!O$9))))))))) -> 45919 | X4: =IF(LEFT($H$1,3)="251",#REF!,IF(LEFT($H$1,3)="252",'Даты занятий'!P$2,IF(LEFT($H$1,3)="253",'Даты занятий'!P$3,IF(LEFT($H$1,3)="254",'Даты занятий'!P$4,IF(LEFT($H$1,3)="255",'Даты занятий'!P$5,IF(LEFT($H$1,3)="256",'Даты занятий'!P$6,IF(LEFT($H$1,3)="257",'Даты занятий'!P$7,IF(LEFT($H$1,3)="258",'Даты занятий'!P$8,IF(LEFT($H$1,3)="259",'Даты занятий'!P$9))))))))) -> #REF! | Y4: =IF(LEFT($H$1,3)="251",'Даты занятий'!P$1,IF(LEFT($H$1,3)="252",'Даты занятий'!Q$2,IF(LEFT($H$1,3)="253",'Даты занятий'!Q$3,IF(LEFT($H$1,3)="254",'Даты занятий'!Q$4,IF(LEFT($H$1,3)="255",'Даты занятий'!Q$5,IF(LEFT($H$1,3)="256",'Даты занятий'!Q$6,IF(LEFT($H$1,3)="257",'Даты занятий'!Q$7,IF(LEFT($H$1,3)="258",'Даты занятий'!Q$8,IF(LEFT($H$1,3)="259",'Даты занятий'!Q$9))))))))) -> 45924 | Z4: =IF(LEFT($H$1,3)="251",'Даты занятий'!Q$1,IF(LEFT($H$1,3)="252",'Даты занятий'!R$2,IF(LEFT($H$1,3)="253",'Даты занятий'!R$3,IF(LEFT($H$1,3)="254",'Даты занятий'!R$4,IF(LEFT($H$1,3)="255",'Даты занятий'!R$5,IF(LEFT($H$1,3)="256",'Даты занятий'!R$6,IF(LEFT($H$1,3)="257",'Даты занятий'!R$7,IF(LEFT($H$1,3)="258",'Даты занятий'!R$8,IF(LEFT($H$1,3)="259",'Даты занятий'!R$9))))))))) -> 45926 | AA4: =IF(LEFT($H$1,3)="251",'Даты занятий'!R$1,IF(LEFT($H$1,3)="252",'Даты занятий'!S$2,IF(LEFT($H$1,3)="253",'Даты занятий'!S$3,IF(LEFT($H$1,3)="254",'Даты занятий'!S$4,IF(LEFT($H$1,3)="255",'Даты занятий'!S$5,IF(LEFT($H$1,3)="256",'Даты занятий'!S$6,IF(LEFT($H$1,3)="257",'Даты занятий'!S$7,IF(LEFT($H$1,3)="258",'Даты занятий'!S$8,IF(LEFT($H$1,3)="259",'Даты занятий'!S$9))))))))) -> 45931 | AB4: =IF(LEFT($H$1,3)="251",'Даты занятий'!S$1,IF(LEFT($H$1,3)="252",'Даты занятий'!T$2,IF(LEFT($H$1,3)="253",'Даты занятий'!T$3,IF(LEFT($H$1,3)="254",'Даты занятий'!T$4,IF(LEFT($H$1,3)="255",'Даты занятий'!T$5,IF(LEFT($H$1,3)="256",'Даты занятий'!T$6,IF(LEFT($H$1,3)="257",'Даты занятий'!T$7,IF(LEFT($H$1,3)="258",'Даты занятий'!T$8,IF(LEFT($H$1,3)="259",'Даты занятий'!T$9))))))))) -> 45938 | AC4: =IF(LEFT($H$1,3)="251",'Даты занятий'!U$1,IF(LEFT($H$1,3)="252",'Даты занятий'!U$2,IF(LEFT($H$1,3)="253",'Даты занятий'!U$3,IF(LEFT($H$1,3)="254",'Даты занятий'!U$4,IF(LEFT($H$1,3)="255",'Даты занятий'!U$5,IF(LEFT($H$1,3)="256",'Даты занятий'!U$6,IF(LEFT($H$1,3)="257",'Даты занятий'!U$7,IF(LEFT($H$1,3)="258",'Даты занятий'!U$8,IF(LEFT($H$1,3)="259",'Даты занятий'!U$9))))))))) -> 45945 | AD4: сумма
A5: =IF(LEFT($H$1,3)="251",'списки групп'!A5,IF(LEFT($H$1,3)="252",'списки групп'!H5,IF(LEFT($H$1,3)="253",'списки групп'!O5,IF(LEFT($H$1,3)="254",'списки групп'!V5,IF(LEFT($H$1,3)="255",'списки групп'!AC5,IF(LEFT($H$1,3)="256",'списки групп'!AJ5,IF(LEFT($H$1,3)="257",'списки групп'!AR5, IF(LEFT($H$1,3)="258",'списки групп'!AY5, IF(LEFT($H$1,3)="259",'списки групп'!BF5,))))))))) -> 1 | B5: =IF(LEFT($H$1,3)="251",'списки групп'!B5,IF(LEFT($H$1,3)="252",'списки групп'!I5,IF(LEFT($H$1,3)="253",'списки групп'!P5,IF(LEFT($H$1,3)="254",'списки групп'!W5,IF(LEFT($H$1,3)="255",'списки групп'!AD5,IF(LEFT($H$1,3)="256",'списки групп'!AK5,IF(LEFT($H$1,3)="257",'списки групп'!AS5, IF(LEFT($H$1,3)="258",'списки групп'!AZ5, IF(LEFT($H$1,3)="259",'списки групп'!BG5,))))))))) -> 131 | C5: =IF(LEFT($H$1,3)="251",'списки групп'!C5,IF(LEFT($H$1,3)="252",'списки групп'!J5,IF(LEFT($H$1,3)="253",'списки групп'!Q5,IF(LEFT($H$1,3)="254",'списки групп'!X5,IF(LEFT($H$1,3)="255",'списки групп'!AE5,IF(LEFT($H$1,3)="256",'списки групп'!AL5,IF(LEFT($H$1,3)="257",'списки групп'!AT5, IF(LEFT($H$1,3)="258",'списки групп'!BA5, IF(LEFT($H$1,3)="259",'списки групп'!BH5,))))))))) -> 1 | D5: =IF(LEFT($H$1,3)="251",'списки групп'!D5,IF(LEFT($H$1,3)="252",'списки групп'!K5,IF(LEFT($H$1,3)="253",'списки групп'!R5,IF(LEFT($H$1,3)="254",'списки групп'!Y5,IF(LEFT($H$1,3)="255",'списки групп'!AF5,IF(LEFT($H$1,3)="256",'списки групп'!AM5,IF(LEFT($H$1,3)="257",'списки групп'!AU5, IF(LEFT($H$1,3)="258",'списки групп'!BB5, IF(LEFT($H$1,3)="259",'списки групп'!BI5,))))))))) -> Амеличев | E5: =IF(LEFT($H$1,3)="251",'списки групп'!E5,IF(LEFT($H$1,3)="252",'списки групп'!L5,IF(LEFT($H$1,3)="253",'списки групп'!S5,IF(LEFT($H$1,3)="254",'списки групп'!Z5,IF(LEFT($H$1,3)="255",'списки групп'!AG5,IF(LEFT($H$1,3)="256",'списки групп'!AN5,IF(LEFT($H$1,3)="257",'списки групп'!AV5, IF(LEFT($H$1,3)="258",'списки групп'!BC5, IF(LEFT($H$1,3)="259",'списки групп'!BJ5,))))))))) -> Иван | L5: =IF(C5=1,IF(AND(F5<>"----",F5),((10-G$33)+IF(G5<=G$33,G5,G$33))*IF(F5=0,0,IF(F5<=G$36,$E$36,IF(F5<=G$37,$E$37,IF(F5<=G$38,$E$38,0))))*F$34*0.1,0),IF(AND(F5<>"----",F5),((10-G$33)+IF(G5<=G$33,G5,G$33))*IF(F5=0,0,IF(F5<=L$36,$J$36,IF(F5<=L$37,$J$37,IF(F5<=L$38,$J$38,0))))*F$34*0.1,0)) -> 0 | M5: =IF(C5=1,IF(AND(H5<>"----",H5),((10-I$33)+IF(I5<=$I$33,I5,I$33))*IF(H5=0,0,IF(H5<=$H$36,$E$36,IF(H5<=$H$37,$E$36,IF(H5<=$H$38,$E$38,0))))*H$34*0.1,0)+IF(AND(J5<>"----",J5),((10-K$33)+IF(K5<=$I$33,K5,K$33))*IF(J5=0,0,IF(J5<=$H$36,$E$36,IF(J5<=$H$37,$E$36,IF(J5<=$H$38,$E$37,0))))*J$34*0.1,0), IF(AND(H5<>"----",H5),((10-I$33)+IF(I5<=$I$33,I5,I$33))*IF(H5=0,0,IF(H5<=$M$36,$J$36,IF(H5<=$M$37,$J$37,IF(H5<=$M$38,$J$38,0))))*H$34*0.1,0)+IF(AND(J5<>"----",J5),((10-K$33)+IF(K5<=$K$33,K5,K$33))*IF(J5=0,0,IF(J5<=$M$36,$J$36,IF(J5<=$M$37,$J$37,IF(J5<=$M$38,$J$38,0))))*J$34*0.1,0)) -> 0 | N5: =CEILING(SUM(L5:M5)*10/SUM($L$33:$M$33),0.1) -> 0 | S5: =CEILING(SUM(P5:R5)*10/SUM($O$33:$R$33),0.1) -> 0 | AD5: =CEILING(SUM(T5:AC5)*10/SUM($T$33:$AC$33),0.1) -> 0 | AE5: =N5*$N$34+S5*$S$34+AD5*$AD$34 -> 0 | AF5: =ROUND(AE5,0) -> 0
A6: =IF(LEFT($H$1,3)="251",'списки групп'!A6,IF(LEFT($H$1,3)="252",'списки групп'!H6,IF(LEFT($H$1,3)="253",'списки групп'!O6,IF(LEFT($H$1,3)="254",'списки групп'!V6,IF(LEFT($H$1,3)="255",'списки групп'!AC6,IF(LEFT($H$1,3)="256",'списки групп'!AJ6,IF(LEFT($H$1,3)="257",'списки групп'!AR6,IF(LEFT($H$1,3)="258",'списки групп'!AY6,IF(LEFT($H$1,3)="259",'списки групп'!BF6,))))))))) -> 2 | B6: =IF(LEFT($H$1,3)="251",'списки групп'!B6,IF(LEFT($H$1,3)="252",'списки групп'!I6,IF(LEFT($H$1,3)="253",'списки групп'!P6,IF(LEFT($H$1,3)="254",'списки групп'!W6,IF(LEFT($H$1,3)="255",'списки групп'!AD6,IF(LEFT($H$1,3)="256",'списки групп'!AK6,IF(LEFT($H$1,3)="257",'списки групп'!AS6,IF(LEFT($H$1,3)="258",'списки групп'!AZ6,IF(LEFT($H$1,3)="259",'списки групп'!BG6,))))))))) -> 132 | C6: =IF(LEFT($H$1,3)="251",'списки групп'!C6,IF(LEFT($H$1,3)="252",'списки групп'!J6,IF(LEFT($H$1,3)="253",'списки групп'!Q6,IF(LEFT($H$1,3)="254",'списки групп'!X6,IF(LEFT($H$1,3)="255",'списки групп'!AE6,IF(LEFT($H$1,3)="256",'списки групп'!AL6,IF(LEFT($H$1,3)="257",'списки групп'!AT6,IF(LEFT($H$1,3)="258",'списки групп'!BA6,IF(LEFT($H$1,3)="259",'списки групп'!BH6,))))))))) -> 1 | D6: =IF(LEFT($H$1,3)="251",'списки групп'!D6,IF(LEFT($H$1,3)="252",'списки групп'!K6,IF(LEFT($H$1,3)="253",'списки групп'!R6,IF(LEFT($H$1,3)="254",'списки групп'!Y6,IF(LEFT($H$1,3)="255",'списки групп'!AF6,IF(LEFT($H$1,3)="256",'списки групп'!AM6,IF(LEFT($H$1,3)="257",'списки групп'!AU6,IF(LEFT($H$1,3)="258",'списки групп'!BB6,IF(LEFT($H$1,3)="259",'списки групп'!BI6,))))))))) -> Бондарь | E6: =IF(LEFT($H$1,3)="251",'списки групп'!E6,IF(LEFT($H$1,3)="252",'списки групп'!L6,IF(LEFT($H$1,3)="253",'списки групп'!S6,IF(LEFT($H$1,3)="254",'списки групп'!Z6,IF(LEFT($H$1,3)="255",'списки групп'!AG6,IF(LEFT($H$1,3)="256",'списки групп'!AN6,IF(LEFT($H$1,3)="257",'списки групп'!AV6,IF(LEFT($H$1,3)="258",'списки групп'!BC6,IF(LEFT($H$1,3)="259",'списки групп'!BJ6,))))))))) -> Алёна | L6: =IF(C6=1,IF(AND(F6<>"----",F6),((10-G$33)+IF(G6<=G$33,G6,G$33))*IF(F6=0,0,IF(F6<=G$36,$E$36,IF(F6<=G$37,$E$37,IF(F6<=G$38,$E$38,0))))*F$34*0.1,0),IF(AND(F6<>"----",F6),((10-G$33)+IF(G6<=G$33,G6,G$33))*IF(F6=0,0,IF(F6<=L$36,$J$36,IF(F6<=L$37,$J$37,IF(F6<=L$38,$J$38,0))))*F$34*0.1,0)) -> 0 | M6: =IF(C6=1,IF(AND(H6<>"----",H6),((10-I$33)+IF(I6<=$I$33,I6,I$33))*IF(H6=0,0,IF(H6<=$H$36,$E$36,IF(H6<=$H$37,$E$36,IF(H6<=$H$38,$E$38,0))))*H$34*0.1,0)+IF(AND(J6<>"----",J6),((10-K$33)+IF(K6<=$I$33,K6,K$33))*IF(J6=0,0,IF(J6<=$H$36,$E$36,IF(J6<=$H$37,$E$36,IF(J6<=$H$38,$E$37,0))))*J$34*0.1,0), IF(AND(H6<>"----",H6),((10-I$33)+IF(I6<=$I$33,I6,I$33))*IF(H6=0,0,IF(H6<=$M$36,$J$36,IF(H6<=$M$37,$J$37,IF(H6<=$M$38,$J$38,0))))*H$34*0.1,0)+IF(AND(J6<>"----",J6),((10-K$33)+IF(K6<=$K$33,K6,K$33))*IF(J6=0,0,IF(J6<=$M$36,$J$36,IF(J6<=$M$37,$J$37,IF(J6<=$M$38,$J$38,0))))*J$34*0.1,0)) -> 0 | N6: =CEILING(SUM(L6:M6)*10/SUM($L$33:$M$33),0.1) -> 0 | S6: =CEILING(SUM(P6:R6)*10/SUM($O$33:$R$33),0.1) -> 0 | AD6: =CEILING(SUM(T6:AC6)*10/SUM($T$33:$AC$33),0.1) -> 0 | AE6: =N6*$N$34+S6*$S$34+AD6*$AD$34 -> 0 | AF6: =ROUND(AE6,0) -> 0
A7: =IF(LEFT($H$1,3)="251",'списки групп'!A7,IF(LEFT($H$1,3)="252",'списки групп'!H7,IF(LEFT($H$1,3)="253",'списки групп'!O7,IF(LEFT($H$1,3)="254",'списки групп'!V7,IF(LEFT($H$1,3)="255",'списки групп'!AC7,IF(LEFT($H$1,3)="256",'списки групп'!AJ7,IF(LEFT($H$1,3)="257",'списки групп'!AR7,IF(LEFT($H$1,3)="258",'списки групп'!AY7,IF(LEFT($H$1,3)="259",'списки групп'!BF7,))))))))) -> 3 | B7: =IF(LEFT($H$1,3)="251",'списки групп'!B7,IF(LEFT($H$1,3)="252",'списки групп'!I7,IF(LEFT($H$1,3)="253",'списки групп'!P7,IF(LEFT($H$1,3)="254",'списки групп'!W7,IF(LEFT($H$1,3)="255",'списки групп'!AD7,IF(LEFT($H$1,3)="256",'списки групп'!AK7,IF(LEFT($H$1,3)="257",'списки групп'!AS7,IF(LEFT($H$1,3)="258",'списки групп'!AZ7,IF(LEFT($H$1,3)="259",'списки групп'!BG7,))))))))) -> 133 | C7: =IF(LEFT($H$1,3)="251",'списки групп'!C7,IF(LEFT($H$1,3)="252",'списки групп'!J7,IF(LEFT($H$1,3)="253",'списки групп'!Q7,IF(LEFT($H$1,3)="254",'списки групп'!X7,IF(LEFT($H$1,3)="255",'списки групп'!AE7,IF(LEFT($H$1,3)="256",'списки групп'!AL7,IF(LEFT($H$1,3)="257",'списки групп'!AT7,IF(LEFT($H$1,3)="258",'списки групп'!BA7,IF(LEFT($H$1,3)="259",'списки групп'!BH7,))))))))) -> 1 | D7: =IF(LEFT($H$1,3)="251",'списки групп'!D7,IF(LEFT($H$1,3)="252",'списки групп'!K7,IF(LEFT($H$1,3)="253",'списки групп'!R7,IF(LEFT($H$1,3)="254",'списки групп'!Y7,IF(LEFT($H$1,3)="255",'списки групп'!AF7,IF(LEFT($H$1,3)="256",'списки групп'!AM7,IF(LEFT($H$1,3)="257",'списки групп'!AU7,IF(LEFT($H$1,3)="258",'списки групп'!BB7,IF(LEFT($H$1,3)="259",'списки групп'!BI7,))))))))) -> Брагута | E7: =IF(LEFT($H$1,3)="251",'списки групп'!E7,IF(LEFT($H$1,3)="252",'списки групп'!L7,IF(LEFT($H$1,3)="253",'списки групп'!S7,IF(LEFT($H$1,3)="254",'списки групп'!Z7,IF(LEFT($H$1,3)="255",'списки групп'!AG7,IF(LEFT($H$1,3)="256",'списки групп'!AN7,IF(LEFT($H$1,3)="257",'списки групп'!AV7,IF(LEFT($H$1,3)="258",'списки групп'!BC7,IF(LEFT($H$1,3)="259",'списки групп'!BJ7,))))))))) -> Иван | L7: =IF(C7=1,IF(AND(F7<>"----",F7),((10-G$33)+IF(G7<=G$33,G7,G$33))*IF(F7=0,0,IF(F7<=G$36,$E$36,IF(F7<=G$37,$E$37,IF(F7<=G$38,$E$38,0))))*F$34*0.1,0),IF(AND(F7<>"----",F7),((10-G$33)+IF(G7<=G$33,G7,G$33))*IF(F7=0,0,IF(F7<=L$36,$J$36,IF(F7<=L$37,$J$37,IF(F7<=L$38,$J$38,0))))*F$34*0.1,0)) -> 0 | M7: =IF(C7=1,IF(AND(H7<>"----",H7),((10-I$33)+IF(I7<=$I$33,I7,I$33))*IF(H7=0,0,IF(H7<=$H$36,$E$36,IF(H7<=$H$37,$E$36,IF(H7<=$H$38,$E$38,0))))*H$34*0.1,0)+IF(AND(J7<>"----",J7),((10-K$33)+IF(K7<=$I$33,K7,K$33))*IF(J7=0,0,IF(J7<=$H$36,$E$36,IF(J7<=$H$37,$E$36,IF(J7<=$H$38,$E$37,0))))*J$34*0.1,0), IF(AND(H7<>"----",H7),((10-I$33)+IF(I7<=$I$33,I7,I$33))*IF(H7=0,0,IF(H7<=$M$36,$J$36,IF(H7<=$M$37,$J$37,IF(H7<=$M$38,$J$38,0))))*H$34*0.1,0)+IF(AND(J7<>"----",J7),((10-K$33)+IF(K7<=$K$33,K7,K$33))*IF(J7=0,0,IF(J7<=$M$36,$J$36,IF(J7<=$M$37,$J$37,IF(J7<=$M$38,$J$38,0))))*J$34*0.1,0)) -> 0 | N7: =CEILING(SUM(L7:M7)*10/SUM($L$33:$M$33),0.1) -> 0 | S7: =CEILING(SUM(P7:R7)*10/SUM($O$33:$R$33),0.1) -> 0 | AD7: =CEILING(SUM(T7:AC7)*10/SUM($T$33:$AC$33),0.1) -> 0 | AE7: =N7*$N$34+S7*$S$34+AD7*$AD$34 -> 0 | AF7: =ROUND(AE7,0) -> 0
A8: =IF(LEFT($H$1,3)="251",'списки групп'!A8,IF(LEFT($H$1,3)="252",'списки групп'!H8,IF(LEFT($H$1,3)="253",'списки групп'!O8,IF(LEFT($H$1,3)="254",'списки групп'!V8,IF(LEFT($H$1,3)="255",'списки групп'!AC8,IF(LEFT($H$1,3)="256",'списки групп'!AJ8,IF(LEFT($H$1,3)="257",'списки групп'!AR8,IF(LEFT($H$1,3)="258",'списки групп'!AY8,IF(LEFT($H$1,3)="259",'списки групп'!BF8,))))))))) -> 4 | B8: =IF(LEFT($H$1,3)="251",'списки групп'!B8,IF(LEFT($H$1,3)="252",'списки групп'!I8,IF(LEFT($H$1,3)="253",'списки групп'!P8,IF(LEFT($H$1,3)="254",'списки групп'!W8,IF(LEFT($H$1,3)="255",'списки групп'!AD8,IF(LEFT($H$1,3)="256",'списки групп'!AK8,IF(LEFT($H$1,3)="257",'списки групп'!AS8,IF(LEFT($H$1,3)="258",'списки групп'!AZ8,IF(LEFT($H$1,3)="259",'списки групп'!BG8,))))))))) -> 134 | C8: =IF(LEFT($H$1,3)="251",'списки групп'!C8,IF(LEFT($H$1,3)="252",'списки групп'!J8,IF(LEFT($H$1,3)="253",'списки групп'!Q8,IF(LEFT($H$1,3)="254",'списки групп'!X8,IF(LEFT($H$1,3)="255",'списки групп'!AE8,IF(LEFT($H$1,3)="256",'списки групп'!AL8,IF(LEFT($H$1,3)="257",'списки групп'!AT8,IF(LEFT($H$1,3)="258",'списки групп'!BA8,IF(LEFT($H$1,3)="259",'списки групп'!BH8,))))))))) -> 1 | D8: =IF(LEFT($H$1,3)="251",'списки групп'!D8,IF(LEFT($H$1,3)="252",'списки групп'!K8,IF(LEFT($H$1,3)="253",'списки групп'!R8,IF(LEFT($H$1,3)="254",'списки групп'!Y8,IF(LEFT($H$1,3)="255",'списки групп'!AF8,IF(LEFT($H$1,3)="256",'списки групп'!AM8,IF(LEFT($H$1,3)="257",'списки групп'!AU8,IF(LEFT($H$1,3)="258",'списки групп'!BB8,IF(LEFT($H$1,3)="259",'списки групп'!BI8,))))))))) -> Воронцова | E8: =IF(LEFT($H$1,3)="251",'списки групп'!E8,IF(LEFT($H$1,3)="252",'списки групп'!L8,IF(LEFT($H$1,3)="253",'списки групп'!S8,IF(LEFT($H$1,3)="254",'списки групп'!Z8,IF(LEFT($H$1,3)="255",'списки групп'!AG8,IF(LEFT($H$1,3)="256",'списки групп'!AN8,IF(LEFT($H$1,3)="257",'списки групп'!AV8,IF(LEFT($H$1,3)="258",'списки групп'!BC8,IF(LEFT($H$1,3)="259",'списки групп'!BJ8,))))))))) -> Алиса | L8: =IF(C8=1,IF(AND(F8<>"----",F8),((10-G$33)+IF(G8<=G$33,G8,G$33))*IF(F8=0,0,IF(F8<=G$36,$E$36,IF(F8<=G$37,$E$37,IF(F8<=G$38,$E$38,0))))*F$34*0.1,0),IF(AND(F8<>"----",F8),((10-G$33)+IF(G8<=G$33,G8,G$33))*IF(F8=0,0,IF(F8<=L$36,$J$36,IF(F8<=L$37,$J$37,IF(F8<=L$38,$J$38,0))))*F$34*0.1,0)) -> 0 | M8: =IF(C8=1,IF(AND(H8<>"----",H8),((10-I$33)+IF(I8<=$I$33,I8,I$33))*IF(H8=0,0,IF(H8<=$H$36,$E$36,IF(H8<=$H$37,$E$36,IF(H8<=$H$38,$E$38,0))))*H$34*0.1,0)+IF(AND(J8<>"----",J8),((10-K$33)+IF(K8<=$I$33,K8,K$33))*IF(J8=0,0,IF(J8<=$H$36,$E$36,IF(J8<=$H$37,$E$36,IF(J8<=$H$38,$E$37,0))))*J$34*0.1,0), IF(AND(H8<>"----",H8),((10-I$33)+IF(I8<=$I$33,I8,I$33))*IF(H8=0,0,IF(H8<=$M$36,$J$36,IF(H8<=$M$37,$J$37,IF(H8<=$M$38,$J$38,0))))*H$34*0.1,0)+IF(AND(J8<>"----",J8),((10-K$33)+IF(K8<=$K$33,K8,K$33))*IF(J8=0,0,IF(J8<=$M$36,$J$36,IF(J8<=$M$37,$J$37,IF(J8<=$M$38,$J$38,0))))*J$34*0.1,0)) -> 0 | N8: =CEILING(SUM(L8:M8)*10/SUM($L$33:$M$33),0.1) -> 0 | S8: =CEILING(SUM(P8:R8)*10/SUM($O$33:$R$33),0.1) -> 0 | AD8: =CEILING(SUM(T8:AC8)*10/SUM($T$33:$AC$33),0.1) -> 0 | AE8: =N8*$N$34+S8*$S$34+AD8*$AD$34 -> 0 | AF8: =ROUND(AE8,0) -> 0
A9: =IF(LEFT($H$1,3)="251",'списки групп'!A9,IF(LEFT($H$1,3)="252",'списки групп'!H9,IF(LEFT($H$1,3)="253",'списки групп'!O9,IF(LEFT($H$1,3)="254",'списки групп'!V9,IF(LEFT($H$1,3)="255",'списки групп'!AC9,IF(LEFT($H$1,3)="256",'списки групп'!AJ9,IF(LEFT($H$1,3)="257",'списки групп'!AR9,IF(LEFT($H$1,3)="258",'списки групп'!AY9,IF(LEFT($H$1,3)="259",'списки групп'!BF9,))))))))) -> 5 | B9: =IF(LEFT($H$1,3)="251",'списки групп'!B9,IF(LEFT($H$1,3)="252",'списки групп'!I9,IF(LEFT($H$1,3)="253",'списки групп'!P9,IF(LEFT($H$1,3)="254",'списки групп'!W9,IF(LEFT($H$1,3)="255",'списки групп'!AD9,IF(LEFT($H$1,3)="256",'списки групп'!AK9,IF(LEFT($H$1,3)="257",'списки групп'!AS9,IF(LEFT($H$1,3)="258",'списки групп'!AZ9,IF(LEFT($H$1,3)="259",'списки групп'!BG9,))))))))) -> 135 | C9: =IF(LEFT($H$1,3)="251",'списки групп'!C9,IF(LEFT($H$1,3)="252",'списки групп'!J9,IF(LEFT($H$1,3)="253",'списки групп'!Q9,IF(LEFT($H$1,3)="254",'списки групп'!X9,IF(LEFT($H$1,3)="255",'списки групп'!AE9,IF(LEFT($H$1,3)="256",'списки групп'!AL9,IF(LEFT($H$1,3)="257",'списки групп'!AT9,IF(LEFT($H$1,3)="258",'списки групп'!BA9,IF(LEFT($H$1,3)="259",'списки групп'!BH9,))))))))) -> 1 | D9: =IF(LEFT($H$1,3)="251",'списки групп'!D9,IF(LEFT($H$1,3)="252",'списки групп'!K9,IF(LEFT($H$1,3)="253",'списки групп'!R9,IF(LEFT($H$1,3)="254",'списки групп'!Y9,IF(LEFT($H$1,3)="255",'списки групп'!AF9,IF(LEFT($H$1,3)="256",'списки групп'!AM9,IF(LEFT($H$1,3)="257",'списки групп'!AU9,IF(LEFT($H$1,3)="258",'списки групп'!BB9,IF(LEFT($H$1,3)="259",'списки групп'!BI9,))))))))) -> Горбунов | E9: =IF(LEFT($H$1,3)="251",'списки групп'!E9,IF(LEFT($H$1,3)="252",'списки групп'!L9,IF(LEFT($H$1,3)="253",'списки групп'!S9,IF(LEFT($H$1,3)="254",'списки групп'!Z9,IF(LEFT($H$1,3)="255",'списки групп'!AG9,IF(LEFT($H$1,3)="256",'списки групп'!AN9,IF(LEFT($H$1,3)="257",'списки групп'!AV9,IF(LEFT($H$1,3)="258",'списки групп'!BC9,IF(LEFT($H$1,3)="259",'списки групп'!BJ9,))))))))) -> Демид | L9: =IF(C9=1,IF(AND(F9<>"----",F9),((10-G$33)+IF(G9<=G$33,G9,G$33))*IF(F9=0,0,IF(F9<=G$36,$E$36,IF(F9<=G$37,$E$37,IF(F9<=G$38,$E$38,0))))*F$34*0.1,0),IF(AND(F9<>"----",F9),((10-G$33)+IF(G9<=G$33,G9,G$33))*IF(F9=0,0,IF(F9<=L$36,$J$36,IF(F9<=L$37,$J$37,IF(F9<=L$38,$J$38,0))))*F$34*0.1,0)) -> 0 | M9: =IF(C9=1,IF(AND(H9<>"----",H9),((10-I$33)+IF(I9<=$I$33,I9,I$33))*IF(H9=0,0,IF(H9<=$H$36,$E$36,IF(H9<=$H$37,$E$36,IF(H9<=$H$38,$E$38,0))))*H$34*0.1,0)+IF(AND(J9<>"----",J9),((10-K$33)+IF(K9<=$I$33,K9,K$33))*IF(J9=0,0,IF(J9<=$H$36,$E$36,IF(J9<=$H$37,$E$36,IF(J9<=$H$38,$E$37,0))))*J$34*0.1,0), IF(AND(H9<>"----",H9),((10-I$33)+IF(I9<=$I$33,I9,I$33))*IF(H9=0,0,IF(H9<=$M$36,$J$36,IF(H9<=$M$37,$J$37,IF(H9<=$M$38,$J$38,0))))*H$34*0.1,0)+IF(AND(J9<>"----",J9),((10-K$33)+IF(K9<=$K$33,K9,K$33))*IF(J9=0,0,IF(J9<=$M$36,$J$36,IF(J9<=$M$37,$J$37,IF(J9<=$M$38,$J$38,0))))*J$34*0.1,0)) -> 0 | N9: =CEILING(SUM(L9:M9)*10/SUM($L$33:$M$33),0.1) -> 0 | S9: =CEILING(SUM(P9:R9)*10/SUM($O$33:$R$33),0.1) -> 0 | AD9: =CEILING(SUM(T9:AC9)*10/SUM($T$33:$AC$33),0.1) -> 0 | AE9: =N9*$N$34+S9*$S$34+AD9*$AD$34 -> 0 | AF9: =ROUND(AE9,0) -> 0
A10: =IF(LEFT($H$1,3)="251",'списки групп'!A10,IF(LEFT($H$1,3)="252",'списки групп'!H10,IF(LEFT($H$1,3)="253",'списки групп'!O10,IF(LEFT($H$1,3)="254",'списки групп'!V10,IF(LEFT($H$1,3)="255",'списки групп'!AC10,IF(LEFT($H$1,3)="256",'списки групп'!AJ10,IF(LEFT($H$1,3)="257",'списки групп'!AR10, IF(LEFT($H$1,3)="258",'списки групп'!AY10, IF(LEFT($H$1,3)="259",'списки групп'!BF10,))))))))) -> 6 | B10: =IF(LEFT($H$1,3)="251",'списки групп'!B10,IF(LEFT($H$1,3)="252",'списки групп'!I10,IF(LEFT($H$1,3)="253",'списки групп'!P10,IF(LEFT($H$1,3)="254",'списки групп'!W10,IF(LEFT($H$1,3)="255",'списки групп'!AD10,IF(LEFT($H$1,3)="256",'списки групп'!AK10,IF(LEFT($H$1,3)="257",'списки групп'!AS10, IF(LEFT($H$1,3)="258",'списки групп'!AZ10, IF(LEFT($H$1,3)="259",'списки групп'!BG10,))))))))) -> 136 | C10: =IF(LEFT($H$1,3)="251",'списки групп'!C10,IF(LEFT($H$1,3)="252",'списки групп'!J10,IF(LEFT($H$1,3)="253",'списки групп'!Q10,IF(LEFT($H$1,3)="254",'списки групп'!X10,IF(LEFT($H$1,3)="255",'списки групп'!AE10,IF(LEFT($H$1,3)="256",'списки групп'!AL10,IF(LEFT($H$1,3)="257",'списки групп'!AT10, IF(LEFT($H$1,3)="258",'списки групп'!BA10, IF(LEFT($H$1,3)="259",'списки групп'!BH10,))))))))) -> 1 | D10: =IF(LEFT($H$1,3)="251",'списки групп'!D10,IF(LEFT($H$1,3)="252",'списки групп'!K10,IF(LEFT($H$1,3)="253",'списки групп'!R10,IF(LEFT($H$1,3)="254",'списки групп'!Y10,IF(LEFT($H$1,3)="255",'списки групп'!AF10,IF(LEFT($H$1,3)="256",'списки групп'!AM10,IF(LEFT($H$1,3)="257",'списки групп'!AU10, IF(LEFT($H$1,3)="258",'списки групп'!BB10, IF(LEFT($H$1,3)="259",'списки групп'!BI10,))))))))) -> Григоращенко | E10: =IF(LEFT($H$1,3)="251",'списки групп'!E10,IF(LEFT($H$1,3)="252",'списки групп'!L10,IF(LEFT($H$1,3)="253",'списки групп'!S10,IF(LEFT($H$1,3)="254",'списки групп'!Z10,IF(LEFT($H$1,3)="255",'списки групп'!AG10,IF(LEFT($H$1,3)="256",'списки групп'!AN10,IF(LEFT($H$1,3)="257",'списки групп'!AV10, IF(LEFT($H$1,3)="258",'списки групп'!BC10, IF(LEFT($H$1,3)="259",'списки групп'!BJ10,))))))))) -> Алексей | L10: =IF(C10=1,IF(AND(F10<>"----",F10),((10-G$33)+IF(G10<=G$33,G10,G$33))*IF(F10=0,0,IF(F10<=G$36,$E$36,IF(F10<=G$37,$E$37,IF(F10<=G$38,$E$38,0))))*F$34*0.1,0),IF(AND(F10<>"----",F10),((10-G$33)+IF(G10<=G$33,G10,G$33))*IF(F10=0,0,IF(F10<=L$36,$J$36,IF(F10<=L$37,$J$37,IF(F10<=L$38,$J$38,0))))*F$34*0.1,0)) -> 0 | M10: =IF(C10=1,IF(AND(H10<>"----",H10),((10-I$33)+IF(I10<=$I$33,I10,I$33))*IF(H10=0,0,IF(H10<=$H$36,$E$36,IF(H10<=$H$37,$E$36,IF(H10<=$H$38,$E$38,0))))*H$34*0.1,0)+IF(AND(J10<>"----",J10),((10-K$33)+IF(K10<=$I$33,K10,K$33))*IF(J10=0,0,IF(J10<=$H$36,$E$36,IF(J10<=$H$37,$E$36,IF(J10<=$H$38,$E$37,0))))*J$34*0.1,0), IF(AND(H10<>"----",H10),((10-I$33)+IF(I10<=$I$33,I10,I$33))*IF(H10=0,0,IF(H10<=$M$36,$J$36,IF(H10<=$M$37,$J$37,IF(H10<=$M$38,$J$38,0))))*H$34*0.1,0)+IF(AND(J10<>"----",J10),((10-K$33)+IF(K10<=$K$33,K10,K$33))*IF(J10=0,0,IF(J10<=$M$36,$J$36,IF(J10<=$M$37,$J$37,IF(J10<=$M$38,$J$38,0))))*J$34*0.1,0)) -> 0 | N10: =CEILING(SUM(L10:M10)*10/SUM($L$33:$M$33),0.1) -> 0 | S10: =CEILING(SUM(P10:R10)*10/SUM($O$33:$R$33),0.1) -> 0 | AD10: =CEILING(SUM(T10:AC10)*10/SUM($T$33:$AC$33),0.1) -> 0 | AE10: =N10*$N$34+S10*$S$34+AD10*$AD$34 -> 0 | AF10: =ROUND(AE10,0) -> 0
A11: =IF(LEFT($H$1,3)="251",'списки групп'!A11,IF(LEFT($H$1,3)="252",'списки групп'!H11,IF(LEFT($H$1,3)="253",'списки групп'!O11,IF(LEFT($H$1,3)="254",'списки групп'!V11,IF(LEFT($H$1,3)="255",'списки групп'!AC11,IF(LEFT($H$1,3)="256",'списки групп'!AJ11,IF(LEFT($H$1,3)="257",'списки групп'!AR11,IF(LEFT($H$1,3)="258",'списки групп'!AY11,IF(LEFT($H$1,3)="259",'списки групп'!BF11,))))))))) -> 7 | B11: =IF(LEFT($H$1,3)="251",'списки групп'!B11,IF(LEFT($H$1,3)="252",'списки групп'!I11,IF(LEFT($H$1,3)="253",'списки групп'!P11,IF(LEFT($H$1,3)="254",'списки групп'!W11,IF(LEFT($H$1,3)="255",'списки групп'!AD11,IF(LEFT($H$1,3)="256",'списки групп'!AK11,IF(LEFT($H$1,3)="257",'списки групп'!AS11,IF(LEFT($H$1,3)="258",'списки групп'!AZ11,IF(LEFT($H$1,3)="259",'списки групп'!BG11,))))))))) -> 137 | C11: =IF(LEFT($H$1,3)="251",'списки групп'!C11,IF(LEFT($H$1,3)="252",'списки групп'!J11,IF(LEFT($H$1,3)="253",'списки групп'!Q11,IF(LEFT($H$1,3)="254",'списки групп'!X11,IF(LEFT($H$1,3)="255",'списки групп'!AE11,IF(LEFT($H$1,3)="256",'списки групп'!AL11,IF(LEFT($H$1,3)="257",'списки групп'!AT11,IF(LEFT($H$1,3)="258",'списки групп'!BA11,IF(LEFT($H$1,3)="259",'списки групп'!BH11,))))))))) -> 1 | D11: =IF(LEFT($H$1,3)="251",'списки групп'!D11,IF(LEFT($H$1,3)="252",'списки групп'!K11,IF(LEFT($H$1,3)="253",'списки групп'!R11,IF(LEFT($H$1,3)="254",'списки групп'!Y11,IF(LEFT($H$1,3)="255",'списки групп'!AF11,IF(LEFT($H$1,3)="256",'списки групп'!AM11,IF(LEFT($H$1,3)="257",'списки групп'!AU11,IF(LEFT($H$1,3)="258",'списки групп'!BB11,IF(LEFT($H$1,3)="259",'списки групп'!BI11,))))))))) -> Грицук | E11: =IF(LEFT($H$1,3)="251",'списки групп'!E11,IF(LEFT($H$1,3)="252",'списки групп'!L11,IF(LEFT($H$1,3)="253",'списки групп'!S11,IF(LEFT($H$1,3)="254",'списки групп'!Z11,IF(LEFT($H$1,3)="255",'списки групп'!AG11,IF(LEFT($H$1,3)="256",'списки групп'!AN11,IF(LEFT($H$1,3)="257",'списки групп'!AV11,IF(LEFT($H$1,3)="258",'списки групп'!BC11,IF(LEFT($H$1,3)="259",'списки групп'!BJ11,))))))))) -> Иван | L11: =IF(C11=1,IF(AND(F11<>"----",F11),((10-G$33)+IF(G11<=G$33,G11,G$33))*IF(F11=0,0,IF(F11<=G$36,$E$36,IF(F11<=G$37,$E$37,IF(F11<=G$38,$E$38,0))))*F$34*0.1,0),IF(AND(F11<>"----",F11),((10-G$33)+IF(G11<=G$33,G11,G$33))*IF(F11=0,0,IF(F11<=L$36,$J$36,IF(F11<=L$37,$J$37,IF(F11<=L$38,$J$38,0))))*F$34*0.1,0)) -> 0 | M11: =IF(C11=1,IF(AND(H11<>"----",H11),((10-I$33)+IF(I11<=$I$33,I11,I$33))*IF(H11=0,0,IF(H11<=$H$36,$E$36,IF(H11<=$H$37,$E$36,IF(H11<=$H$38,$E$38,0))))*H$34*0.1,0)+IF(AND(J11<>"----",J11),((10-K$33)+IF(K11<=$I$33,K11,K$33))*IF(J11=0,0,IF(J11<=$H$36,$E$36,IF(J11<=$H$37,$E$36,IF(J11<=$H$38,$E$37,0))))*J$34*0.1,0), IF(AND(H11<>"----",H11),((10-I$33)+IF(I11<=$I$33,I11,I$33))*IF(H11=0,0,IF(H11<=$M$36,$J$36,IF(H11<=$M$37,$J$37,IF(H11<=$M$38,$J$38,0))))*H$34*0.1,0)+IF(AND(J11<>"----",J11),((10-K$33)+IF(K11<=$K$33,K11,K$33))*IF(J11=0,0,IF(J11<=$M$36,$J$36,IF(J11<=$M$37,$J$37,IF(J11<=$M$38,$J$38,0))))*J$34*0.1,0)) -> 0 | N11: =CEILING(SUM(L11:M11)*10/SUM($L$33:$M$33),0.1) -> 0 | O11: 2 | S11: =CEILING(SUM(P11:R11)*10/SUM($O$33:$R$33),0.1) -> 0 | AD11: =CEILING(SUM(T11:AC11)*10/SUM($T$33:$AC$33),0.1) -> 0 | AE11: =N11*$N$34+S11*$S$34+AD11*$AD$34 -> 0 | AF11: =ROUND(AE11,0) -> 0
A12: =IF(LEFT($H$1,3)="251",'списки групп'!A12,IF(LEFT($H$1,3)="252",'списки групп'!H12,IF(LEFT($H$1,3)="253",'списки групп'!O12,IF(LEFT($H$1,3)="254",'списки групп'!V12,IF(LEFT($H$1,3)="255",'списки групп'!AC12,IF(LEFT($H$1,3)="256",'списки групп'!AJ12,IF(LEFT($H$1,3)="257",'списки групп'!AR12,IF(LEFT($H$1,3)="258",'списки групп'!AY12,IF(LEFT($H$1,3)="259",'списки групп'!BF12,))))))))) -> 8 | B12: =IF(LEFT($H$1,3)="251",'списки групп'!B12,IF(LEFT($H$1,3)="252",'списки групп'!I12,IF(LEFT($H$1,3)="253",'списки групп'!P12,IF(LEFT($H$1,3)="254",'списки групп'!W12,IF(LEFT($H$1,3)="255",'списки групп'!AD12,IF(LEFT($H$1,3)="256",'списки групп'!AK12,IF(LEFT($H$1,3)="257",'списки групп'!AS12,IF(LEFT($H$1,3)="258",'списки групп'!AZ12,IF(LEFT($H$1,3)="259",'списки групп'!BG12,))))))))) -> 138 | C12: =IF(LEFT($H$1,3)="251",'списки групп'!C12,IF(LEFT($H$1,3)="252",'списки групп'!J12,IF(LEFT($H$1,3)="253",'списки групп'!Q12,IF(LEFT($H$1,3)="254",'списки групп'!X12,IF(LEFT($H$1,3)="255",'списки групп'!AE12,IF(LEFT($H$1,3)="256",'списки групп'!AL12,IF(LEFT($H$1,3)="257",'списки групп'!AT12,IF(LEFT($H$1,3)="258",'списки групп'!BA12,IF(LEFT($H$1,3)="259",'списки групп'!BH12,))))))))) -> 1 | D12: =IF(LEFT($H$1,3)="251",'списки групп'!D12,IF(LEFT($H$1,3)="252",'списки групп'!K12,IF(LEFT($H$1,3)="253",'списки групп'!R12,IF(LEFT($H$1,3)="254",'списки групп'!Y12,IF(LEFT($H$1,3)="255",'списки групп'!AF12,IF(LEFT($H$1,3)="256",'списки групп'!AM12,IF(LEFT($H$1,3)="257",'списки групп'!AU12,IF(LEFT($H$1,3)="258",'списки групп'!BB12,IF(LEFT($H$1,3)="259",'списки групп'!BI12,))))))))) -> Евсеева | E12: =IF(LEFT($H$1,3)="251",'списки групп'!E12,IF(LEFT($H$1,3)="252",'списки групп'!L12,IF(LEFT($H$1,3)="253",'списки групп'!S12,IF(LEFT($H$1,3)="254",'списки групп'!Z12,IF(LEFT($H$1,3)="255",'списки групп'!AG12,IF(LEFT($H$1,3)="256",'списки групп'!AN12,IF(LEFT($H$1,3)="257",'списки групп'!AV12,IF(LEFT($H$1,3)="258",'списки групп'!BC12,IF(LEFT($H$1,3)="259",'списки групп'!BJ12,))))))))) -> Елизавета | L12: =IF(C12=1,IF(AND(F12<>"----",F12),((10-G$33)+IF(G12<=G$33,G12,G$33))*IF(F12=0,0,IF(F12<=G$36,$E$36,IF(F12<=G$37,$E$37,IF(F12<=G$38,$E$38,0))))*F$34*0.1,0),IF(AND(F12<>"----",F12),((10-G$33)+IF(G12<=G$33,G12,G$33))*IF(F12=0,0,IF(F12<=L$36,$J$36,IF(F12<=L$37,$J$37,IF(F12<=L$38,$J$38,0))))*F$34*0.1,0)) -> 0 | M12: =IF(C12=1,IF(AND(H12<>"----",H12),((10-I$33)+IF(I12<=$I$33,I12,I$33))*IF(H12=0,0,IF(H12<=$H$36,$E$36,IF(H12<=$H$37,$E$36,IF(H12<=$H$38,$E$38,0))))*H$34*0.1,0)+IF(AND(J12<>"----",J12),((10-K$33)+IF(K12<=$I$33,K12,K$33))*IF(J12=0,0,IF(J12<=$H$36,$E$36,IF(J12<=$H$37,$E$36,IF(J12<=$H$38,$E$37,0))))*J$34*0.1,0), IF(AND(H12<>"----",H12),((10-I$33)+IF(I12<=$I$33,I12,I$33))*IF(H12=0,0,IF(H12<=$M$36,$J$36,IF(H12<=$M$37,$J$37,IF(H12<=$M$38,$J$38,0))))*H$34*0.1,0)+IF(AND(J12<>"----",J12),((10-K$33)+IF(K12<=$K$33,K12,K$33))*IF(J12=0,0,IF(J12<=$M$36,$J$36,IF(J12<=$M$37,$J$37,IF(J12<=$M$38,$J$38,0))))*J$34*0.1,0)) -> 0 | N12: =CEILING(SUM(L12:M12)*10/SUM($L$33:$M$33),0.1) -> 0 | S12: =CEILING(SUM(P12:R12)*10/SUM($O$33:$R$33),0.1) -> 0 | AD12: =CEILING(SUM(T12:AC12)*10/SUM($T$33:$AC$33),0.1) -> 0 | AE12: =N12*$N$34+S12*$S$34+AD12*$AD$34 -> 0 | AF12: =ROUND(AE12,0) -> 0
A13: =IF(LEFT($H$1,3)="251",'списки групп'!A13,IF(LEFT($H$1,3)="252",'списки групп'!H13,IF(LEFT($H$1,3)="253",'списки групп'!O13,IF(LEFT($H$1,3)="254",'списки групп'!V13,IF(LEFT($H$1,3)="255",'списки групп'!AC13,IF(LEFT($H$1,3)="256",'списки групп'!AJ13,IF(LEFT($H$1,3)="257",'списки групп'!AR13,IF(LEFT($H$1,3)="258",'списки групп'!AY13,IF(LEFT($H$1,3)="259",'списки групп'!BF13,))))))))) -> 9 | B13: =IF(LEFT($H$1,3)="251",'списки групп'!B13,IF(LEFT($H$1,3)="252",'списки групп'!I13,IF(LEFT($H$1,3)="253",'списки групп'!P13,IF(LEFT($H$1,3)="254",'списки групп'!W13,IF(LEFT($H$1,3)="255",'списки групп'!AD13,IF(LEFT($H$1,3)="256",'списки групп'!AK13,IF(LEFT($H$1,3)="257",'списки групп'!AS13,IF(LEFT($H$1,3)="258",'списки групп'!AZ13,IF(LEFT($H$1,3)="259",'списки групп'!BG13,))))))))) -> 139 | C13: =IF(LEFT($H$1,3)="251",'списки групп'!C13,IF(LEFT($H$1,3)="252",'списки групп'!J13,IF(LEFT($H$1,3)="253",'списки групп'!Q13,IF(LEFT($H$1,3)="254",'списки групп'!X13,IF(LEFT($H$1,3)="255",'списки групп'!AE13,IF(LEFT($H$1,3)="256",'списки групп'!AL13,IF(LEFT($H$1,3)="257",'списки групп'!AT13,IF(LEFT($H$1,3)="258",'списки групп'!BA13,IF(LEFT($H$1,3)="259",'списки групп'!BH13,))))))))) -> 1 | D13: =IF(LEFT($H$1,3)="251",'списки групп'!D13,IF(LEFT($H$1,3)="252",'списки групп'!K13,IF(LEFT($H$1,3)="253",'списки групп'!R13,IF(LEFT($H$1,3)="254",'списки групп'!Y13,IF(LEFT($H$1,3)="255",'списки групп'!AF13,IF(LEFT($H$1,3)="256",'списки групп'!AM13,IF(LEFT($H$1,3)="257",'списки групп'!AU13,IF(LEFT($H$1,3)="258",'списки групп'!BB13,IF(LEFT($H$1,3)="259",'списки групп'!BI13,))))))))) -> Захаров | E13: =IF(LEFT($H$1,3)="251",'списки групп'!E13,IF(LEFT($H$1,3)="252",'списки групп'!L13,IF(LEFT($H$1,3)="253",'списки групп'!S13,IF(LEFT($H$1,3)="254",'списки групп'!Z13,IF(LEFT($H$1,3)="255",'списки групп'!AG13,IF(LEFT($H$1,3)="256",'списки групп'!AN13,IF(LEFT($H$1,3)="257",'списки групп'!AV13,IF(LEFT($H$1,3)="258",'списки групп'!BC13,IF(LEFT($H$1,3)="259",'списки групп'!BJ13,))))))))) -> Даниил | L13: =IF(C13=1,IF(AND(F13<>"----",F13),((10-G$33)+IF(G13<=G$33,G13,G$33))*IF(F13=0,0,IF(F13<=G$36,$E$36,IF(F13<=G$37,$E$37,IF(F13<=G$38,$E$38,0))))*F$34*0.1,0),IF(AND(F13<>"----",F13),((10-G$33)+IF(G13<=G$33,G13,G$33))*IF(F13=0,0,IF(F13<=L$36,$J$36,IF(F13<=L$37,$J$37,IF(F13<=L$38,$J$38,0))))*F$34*0.1,0)) -> 0 | M13: =IF(C13=1,IF(AND(H13<>"----",H13),((10-I$33)+IF(I13<=$I$33,I13,I$33))*IF(H13=0,0,IF(H13<=$H$36,$E$36,IF(H13<=$H$37,$E$36,IF(H13<=$H$38,$E$38,0))))*H$34*0.1,0)+IF(AND(J13<>"----",J13),((10-K$33)+IF(K13<=$I$33,K13,K$33))*IF(J13=0,0,IF(J13<=$H$36,$E$36,IF(J13<=$H$37,$E$36,IF(J13<=$H$38,$E$37,0))))*J$34*0.1,0), IF(AND(H13<>"----",H13),((10-I$33)+IF(I13<=$I$33,I13,I$33))*IF(H13=0,0,IF(H13<=$M$36,$J$36,IF(H13<=$M$37,$J$37,IF(H13<=$M$38,$J$38,0))))*H$34*0.1,0)+IF(AND(J13<>"----",J13),((10-K$33)+IF(K13<=$K$33,K13,K$33))*IF(J13=0,0,IF(J13<=$M$36,$J$36,IF(J13<=$M$37,$J$37,IF(J13<=$M$38,$J$38,0))))*J$34*0.1,0)) -> 0 | N13: =CEILING(SUM(L13:M13)*10/SUM($L$33:$M$33),0.1) -> 0 | S13: =CEILING(SUM(P13:R13)*10/SUM($O$33:$R$33),0.1) -> 0 | AD13: =CEILING(SUM(T13:AC13)*10/SUM($T$33:$AC$33),0.1) -> 0 | AE13: =N13*$N$34+S13*$S$34+AD13*$AD$34 -> 0 | AF13: =ROUND(AE13,0) -> 0
A14: =IF(LEFT($H$1,3)="251",'списки групп'!A14,IF(LEFT($H$1,3)="252",'списки групп'!H14,IF(LEFT($H$1,3)="253",'списки групп'!O14,IF(LEFT($H$1,3)="254",'списки групп'!V14,IF(LEFT($H$1,3)="255",'списки групп'!AC14,IF(LEFT($H$1,3)="256",'списки групп'!AJ14,IF(LEFT($H$1,3)="257",'списки групп'!AR14,IF(LEFT($H$1,3)="258",'списки групп'!AY14,IF(LEFT($H$1,3)="259",'списки групп'!BF14,))))))))) -> 10 | B14: =IF(LEFT($H$1,3)="251",'списки групп'!B14,IF(LEFT($H$1,3)="252",'списки групп'!I14,IF(LEFT($H$1,3)="253",'списки групп'!P14,IF(LEFT($H$1,3)="254",'списки групп'!W14,IF(LEFT($H$1,3)="255",'списки групп'!AD14,IF(LEFT($H$1,3)="256",'списки групп'!AK14,IF(LEFT($H$1,3)="257",'списки групп'!AS14,IF(LEFT($H$1,3)="258",'списки групп'!AZ14,IF(LEFT($H$1,3)="259",'списки групп'!BG14,))))))))) -> 140 | C14: =IF(LEFT($H$1,3)="251",'списки групп'!C14,IF(LEFT($H$1,3)="252",'списки групп'!J14,IF(LEFT($H$1,3)="253",'списки групп'!Q14,IF(LEFT($H$1,3)="254",'списки групп'!X14,IF(LEFT($H$1,3)="255",'списки групп'!AE14,IF(LEFT($H$1,3)="256",'списки групп'!AL14,IF(LEFT($H$1,3)="257",'списки групп'!AT14,IF(LEFT($H$1,3)="258",'списки групп'!BA14,IF(LEFT($H$1,3)="259",'списки групп'!BH14,))))))))) -> 1 | D14: =IF(LEFT($H$1,3)="251",'списки групп'!D14,IF(LEFT($H$1,3)="252",'списки групп'!K14,IF(LEFT($H$1,3)="253",'списки групп'!R14,IF(LEFT($H$1,3)="254",'списки групп'!Y14,IF(LEFT($H$1,3)="255",'списки групп'!AF14,IF(LEFT($H$1,3)="256",'списки групп'!AM14,IF(LEFT($H$1,3)="257",'списки групп'!AU14,IF(LEFT($H$1,3)="258",'списки групп'!BB14,IF(LEFT($H$1,3)="259",'списки групп'!BI14,))))))))) -> Зотов | E14: =IF(LEFT($H$1,3)="251",'списки групп'!E14,IF(LEFT($H$1,3)="252",'списки групп'!L14,IF(LEFT($H$1,3)="253",'списки групп'!S14,IF(LEFT($H$1,3)="254",'списки групп'!Z14,IF(LEFT($H$1,3)="255",'списки групп'!AG14,IF(LEFT($H$1,3)="256",'списки групп'!AN14,IF(LEFT($H$1,3)="257",'списки групп'!AV14,IF(LEFT($H$1,3)="258",'списки групп'!BC14,IF(LEFT($H$1,3)="259",'списки групп'!BJ14,))))))))) -> Савелий | L14: =IF(C14=1,IF(AND(F14<>"----",F14),((10-G$33)+IF(G14<=G$33,G14,G$33))*IF(F14=0,0,IF(F14<=G$36,$E$36,IF(F14<=G$37,$E$37,IF(F14<=G$38,$E$38,0))))*F$34*0.1,0),IF(AND(F14<>"----",F14),((10-G$33)+IF(G14<=G$33,G14,G$33))*IF(F14=0,0,IF(F14<=L$36,$J$36,IF(F14<=L$37,$J$37,IF(F14<=L$38,$J$38,0))))*F$34*0.1,0)) -> 0 | M14: =IF(C14=1,IF(AND(H14<>"----",H14),((10-I$33)+IF(I14<=$I$33,I14,I$33))*IF(H14=0,0,IF(H14<=$H$36,$E$36,IF(H14<=$H$37,$E$36,IF(H14<=$H$38,$E$38,0))))*H$34*0.1,0)+IF(AND(J14<>"----",J14),((10-K$33)+IF(K14<=$I$33,K14,K$33))*IF(J14=0,0,IF(J14<=$H$36,$E$36,IF(J14<=$H$37,$E$36,IF(J14<=$H$38,$E$37,0))))*J$34*0.1,0), IF(AND(H14<>"----",H14),((10-I$33)+IF(I14<=$I$33,I14,I$33))*IF(H14=0,0,IF(H14<=$M$36,$J$36,IF(H14<=$M$37,$J$37,IF(H14<=$M$38,$J$38,0))))*H$34*0.1,0)+IF(AND(J14<>"----",J14),((10-K$33)+IF(K14<=$K$33,K14,K$33))*IF(J14=0,0,IF(J14<=$M$36,$J$36,IF(J14<=$M$37,$J$37,IF(J14<=$M$38,$J$38,0))))*J$34*0.1,0)) -> 0 | N14: =CEILING(SUM(L14:M14)*10/SUM($L$33:$M$33),0.1) -> 0 | S14: =CEILING(SUM(P14:R14)*10/SUM($O$33:$R$33),0.1) -> 0 | AD14: =CEILING(SUM(T14:AC14)*10/SUM($T$33:$AC$33),0.1) -> 0 | AE14: =N14*$N$34+S14*$S$34+AD14*$AD$34 -> 0 | AF14: =ROUND(AE14,0) -> 0
A15: =IF(LEFT($H$1,3)="251",'списки групп'!A15,IF(LEFT($H$1,3)="252",'списки групп'!H15,IF(LEFT($H$1,3)="253",'списки групп'!O15,IF(LEFT($H$1,3)="254",'списки групп'!V15,IF(LEFT($H$1,3)="255",'списки групп'!AC15,IF(LEFT($H$1,3)="256",'списки групп'!AJ15,IF(LEFT($H$1,3)="257",'списки групп'!AR15,IF(LEFT($H$1,3)="258",'списки групп'!AY15,IF(LEFT($H$1,3)="259",'списки групп'!BF15,))))))))) -> 11 | B15: =IF(LEFT($H$1,3)="251",'списки групп'!B15,IF(LEFT($H$1,3)="252",'списки групп'!I15,IF(LEFT($H$1,3)="253",'списки групп'!P15,IF(LEFT($H$1,3)="254",'списки групп'!W15,IF(LEFT($H$1,3)="255",'списки групп'!AD15,IF(LEFT($H$1,3)="256",'списки групп'!AK15,IF(LEFT($H$1,3)="257",'списки групп'!AS15,IF(LEFT($H$1,3)="258",'списки групп'!AZ15,IF(LEFT($H$1,3)="259",'списки групп'!BG15,))))))))) -> 141 | C15: =IF(LEFT($H$1,3)="251",'списки групп'!C15,IF(LEFT($H$1,3)="252",'списки групп'!J15,IF(LEFT($H$1,3)="253",'списки групп'!Q15,IF(LEFT($H$1,3)="254",'списки групп'!X15,IF(LEFT($H$1,3)="255",'списки групп'!AE15,IF(LEFT($H$1,3)="256",'списки групп'!AL15,IF(LEFT($H$1,3)="257",'списки групп'!AT15,IF(LEFT($H$1,3)="258",'списки групп'!BA15,IF(LEFT($H$1,3)="259",'списки групп'!BH15,))))))))) -> 1 | D15: =IF(LEFT($H$1,3)="251",'списки групп'!D15,IF(LEFT($H$1,3)="252",'списки групп'!K15,IF(LEFT($H$1,3)="253",'списки групп'!R15,IF(LEFT($H$1,3)="254",'списки групп'!Y15,IF(LEFT($H$1,3)="255",'списки групп'!AF15,IF(LEFT($H$1,3)="256",'списки групп'!AM15,IF(LEFT($H$1,3)="257",'списки групп'!AU15,IF(LEFT($H$1,3)="258",'списки групп'!BB15,IF(LEFT($H$1,3)="259",'списки групп'!BI15,))))))))) -> Ивочкин | E15: =IF(LEFT($H$1,3)="251",'списки групп'!E15,IF(LEFT($H$1,3)="252",'списки групп'!L15,IF(LEFT($H$1,3)="253",'списки групп'!S15,IF(LEFT($H$1,3)="254",'списки групп'!Z15,IF(LEFT($H$1,3)="255",'списки групп'!AG15,IF(LEFT($H$1,3)="256",'списки групп'!AN15,IF(LEFT($H$1,3)="257",'списки групп'!AV15,IF(LEFT($H$1,3)="258",'списки групп'!BC15,IF(LEFT($H$1,3)="259",'списки групп'!BJ15,))))))))) -> Никита | L15: =IF(C15=1,IF(AND(F15<>"----",F15),((10-G$33)+IF(G15<=G$33,G15,G$33))*IF(F15=0,0,IF(F15<=G$36,$E$36,IF(F15<=G$37,$E$37,IF(F15<=G$38,$E$38,0))))*F$34*0.1,0),IF(AND(F15<>"----",F15),((10-G$33)+IF(G15<=G$33,G15,G$33))*IF(F15=0,0,IF(F15<=L$36,$J$36,IF(F15<=L$37,$J$37,IF(F15<=L$38,$J$38,0))))*F$34*0.1,0)) -> 0 | M15: =IF(C15=1,IF(AND(H15<>"----",H15),((10-I$33)+IF(I15<=$I$33,I15,I$33))*IF(H15=0,0,IF(H15<=$H$36,$E$36,IF(H15<=$H$37,$E$36,IF(H15<=$H$38,$E$38,0))))*H$34*0.1,0)+IF(AND(J15<>"----",J15),((10-K$33)+IF(K15<=$I$33,K15,K$33))*IF(J15=0,0,IF(J15<=$H$36,$E$36,IF(J15<=$H$37,$E$36,IF(J15<=$H$38,$E$37,0))))*J$34*0.1,0), IF(AND(H15<>"----",H15),((10-I$33)+IF(I15<=$I$33,I15,I$33))*IF(H15=0,0,IF(H15<=$M$36,$J$36,IF(H15<=$M$37,$J$37,IF(H15<=$M$38,$J$38,0))))*H$34*0.1,0)+IF(AND(J15<>"----",J15),((10-K$33)+IF(K15<=$K$33,K15,K$33))*IF(J15=0,0,IF(J15<=$M$36,$J$36,IF(J15<=$M$37,$J$37,IF(J15<=$M$38,$J$38,0))))*J$34*0.1,0)) -> 0 | N15: =CEILING(SUM(L15:M15)*10/SUM($L$33:$M$33),0.1) -> 0 | S15: =CEILING(SUM(P15:R15)*10/SUM($O$33:$R$33),0.1) -> 0 | AD15: =CEILING(SUM(T15:AC15)*10/SUM($T$33:$AC$33),0.1) -> 0 | AE15: =N15*$N$34+S15*$S$34+AD15*$AD$34 -> 0 | AF15: =ROUND(AE15,0) -> 0
A16: =IF(LEFT($H$1,3)="251",'списки групп'!A16,IF(LEFT($H$1,3)="252",'списки групп'!H16,IF(LEFT($H$1,3)="253",'списки групп'!O16,IF(LEFT($H$1,3)="254",'списки групп'!V16,IF(LEFT($H$1,3)="255",'списки групп'!AC16,IF(LEFT($H$1,3)="256",'списки групп'!AJ16,IF(LEFT($H$1,3)="257",'списки групп'!AR16,IF(LEFT($H$1,3)="258",'списки групп'!AY16,IF(LEFT($H$1,3)="259",'списки групп'!BF16,))))))))) -> 12 | B16: =IF(LEFT($H$1,3)="251",'списки групп'!B16,IF(LEFT($H$1,3)="252",'списки групп'!I16,IF(LEFT($H$1,3)="253",'списки групп'!P16,IF(LEFT($H$1,3)="254",'списки групп'!W16,IF(LEFT($H$1,3)="255",'списки групп'!AD16,IF(LEFT($H$1,3)="256",'списки групп'!AK16,IF(LEFT($H$1,3)="257",'списки групп'!AS16,IF(LEFT($H$1,3)="258",'списки групп'!AZ16,IF(LEFT($H$1,3)="259",'списки групп'!BG16,))))))))) -> 142 | C16: =IF(LEFT($H$1,3)="251",'списки групп'!C16,IF(LEFT($H$1,3)="252",'списки групп'!J16,IF(LEFT($H$1,3)="253",'списки групп'!Q16,IF(LEFT($H$1,3)="254",'списки групп'!X16,IF(LEFT($H$1,3)="255",'списки групп'!AE16,IF(LEFT($H$1,3)="256",'списки групп'!AL16,IF(LEFT($H$1,3)="257",'списки групп'!AT16,IF(LEFT($H$1,3)="258",'списки групп'!BA16,IF(LEFT($H$1,3)="259",'списки групп'!BH16,))))))))) -> 1 | D16: =IF(LEFT($H$1,3)="251",'списки групп'!D16,IF(LEFT($H$1,3)="252",'списки групп'!K16,IF(LEFT($H$1,3)="253",'списки групп'!R16,IF(LEFT($H$1,3)="254",'списки групп'!Y16,IF(LEFT($H$1,3)="255",'списки групп'!AF16,IF(LEFT($H$1,3)="256",'списки групп'!AM16,IF(LEFT($H$1,3)="257",'списки групп'!AU16,IF(LEFT($H$1,3)="258",'списки групп'!BB16,IF(LEFT($H$1,3)="259",'списки групп'!BI16,))))))))) -> Карташев | E16: =IF(LEFT($H$1,3)="251",'списки групп'!E16,IF(LEFT($H$1,3)="252",'списки групп'!L16,IF(LEFT($H$1,3)="253",'списки групп'!S16,IF(LEFT($H$1,3)="254",'списки групп'!Z16,IF(LEFT($H$1,3)="255",'списки групп'!AG16,IF(LEFT($H$1,3)="256",'списки групп'!AN16,IF(LEFT($H$1,3)="257",'списки групп'!AV16,IF(LEFT($H$1,3)="258",'списки групп'!BC16,IF(LEFT($H$1,3)="259",'списки групп'!BJ16,))))))))) -> Матвей | L16: =IF(C16=1,IF(AND(F16<>"----",F16),((10-G$33)+IF(G16<=G$33,G16,G$33))*IF(F16=0,0,IF(F16<=G$36,$E$36,IF(F16<=G$37,$E$37,IF(F16<=G$38,$E$38,0))))*F$34*0.1,0),IF(AND(F16<>"----",F16),((10-G$33)+IF(G16<=G$33,G16,G$33))*IF(F16=0,0,IF(F16<=L$36,$J$36,IF(F16<=L$37,$J$37,IF(F16<=L$38,$J$38,0))))*F$34*0.1,0)) -> 0 | M16: =IF(C16=1,IF(AND(H16<>"----",H16),((10-I$33)+IF(I16<=$I$33,I16,I$33))*IF(H16=0,0,IF(H16<=$H$36,$E$36,IF(H16<=$H$37,$E$36,IF(H16<=$H$38,$E$38,0))))*H$34*0.1,0)+IF(AND(J16<>"----",J16),((10-K$33)+IF(K16<=$I$33,K16,K$33))*IF(J16=0,0,IF(J16<=$H$36,$E$36,IF(J16<=$H$37,$E$36,IF(J16<=$H$38,$E$37,0))))*J$34*0.1,0), IF(AND(H16<>"----",H16),((10-I$33)+IF(I16<=$I$33,I16,I$33))*IF(H16=0,0,IF(H16<=$M$36,$J$36,IF(H16<=$M$37,$J$37,IF(H16<=$M$38,$J$38,0))))*H$34*0.1,0)+IF(AND(J16<>"----",J16),((10-K$33)+IF(K16<=$K$33,K16,K$33))*IF(J16=0,0,IF(J16<=$M$36,$J$36,IF(J16<=$M$37,$J$37,IF(J16<=$M$38,$J$38,0))))*J$34*0.1,0)) -> 0 | N16: =CEILING(SUM(L16:M16)*10/SUM($L$33:$M$33),0.1) -> 0 | O16: 2 | S16: =CEILING(SUM(P16:R16)*10/SUM($O$33:$R$33),0.1) -> 0 | AD16: =CEILING(SUM(T16:AC16)*10/SUM($T$33:$AC$33),0.1) -> 0 | AE16: =N16*$N$34+S16*$S$34+AD16*$AD$34 -> 0 | AF16: =ROUND(AE16,0) -> 0
A17: =IF(LEFT($H$1,3)="251",'списки групп'!A17,IF(LEFT($H$1,3)="252",'списки групп'!H17,IF(LEFT($H$1,3)="253",'списки групп'!O17,IF(LEFT($H$1,3)="254",'списки групп'!V17,IF(LEFT($H$1,3)="255",'списки групп'!AC17,IF(LEFT($H$1,3)="256",'списки групп'!AJ17,IF(LEFT($H$1,3)="257",'списки групп'!AR17,IF(LEFT($H$1,3)="258",'списки групп'!AY17,IF(LEFT($H$1,3)="259",'списки групп'!BF17,))))))))) -> 13 | B17: =IF(LEFT($H$1,3)="251",'списки групп'!B17,IF(LEFT($H$1,3)="252",'списки групп'!I17,IF(LEFT($H$1,3)="253",'списки групп'!P17,IF(LEFT($H$1,3)="254",'списки групп'!W17,IF(LEFT($H$1,3)="255",'списки групп'!AD17,IF(LEFT($H$1,3)="256",'списки групп'!AK17,IF(LEFT($H$1,3)="257",'списки групп'!AS17,IF(LEFT($H$1,3)="258",'списки групп'!AZ17,IF(LEFT($H$1,3)="259",'списки групп'!BG17,))))))))) -> 143 | C17: =IF(LEFT($H$1,3)="251",'списки групп'!C17,IF(LEFT($H$1,3)="252",'списки групп'!J17,IF(LEFT($H$1,3)="253",'списки групп'!Q17,IF(LEFT($H$1,3)="254",'списки групп'!X17,IF(LEFT($H$1,3)="255",'списки групп'!AE17,IF(LEFT($H$1,3)="256",'списки групп'!AL17,IF(LEFT($H$1,3)="257",'списки групп'!AT17,IF(LEFT($H$1,3)="258",'списки групп'!BA17,IF(LEFT($H$1,3)="259",'списки групп'!BH17,))))))))) -> 1 | D17: =IF(LEFT($H$1,3)="251",'списки групп'!D17,IF(LEFT($H$1,3)="252",'списки групп'!K17,IF(LEFT($H$1,3)="253",'списки групп'!R17,IF(LEFT($H$1,3)="254",'списки групп'!Y17,IF(LEFT($H$1,3)="255",'списки групп'!AF17,IF(LEFT($H$1,3)="256",'списки групп'!AM17,IF(LEFT($H$1,3)="257",'списки групп'!AU17,IF(LEFT($H$1,3)="258",'списки групп'!BB17,IF(LEFT($H$1,3)="259",'списки групп'!BI17,))))))))) -> Кленов | E17: =IF(LEFT($H$1,3)="251",'списки групп'!E17,IF(LEFT($H$1,3)="252",'списки групп'!L17,IF(LEFT($H$1,3)="253",'списки групп'!S17,IF(LEFT($H$1,3)="254",'списки групп'!Z17,IF(LEFT($H$1,3)="255",'списки групп'!AG17,IF(LEFT($H$1,3)="256",'списки групп'!AN17,IF(LEFT($H$1,3)="257",'списки групп'!AV17,IF(LEFT($H$1,3)="258",'списки групп'!BC17,IF(LEFT($H$1,3)="259",'списки групп'!BJ17,))))))))) -> Дмитрий | L17: =IF(C17=1,IF(AND(F17<>"----",F17),((10-G$33)+IF(G17<=G$33,G17,G$33))*IF(F17=0,0,IF(F17<=G$36,$E$36,IF(F17<=G$37,$E$37,IF(F17<=G$38,$E$38,0))))*F$34*0.1,0),IF(AND(F17<>"----",F17),((10-G$33)+IF(G17<=G$33,G17,G$33))*IF(F17=0,0,IF(F17<=L$36,$J$36,IF(F17<=L$37,$J$37,IF(F17<=L$38,$J$38,0))))*F$34*0.1,0)) -> 0 | M17: =IF(C17=1,IF(AND(H17<>"----",H17),((10-I$33)+IF(I17<=$I$33,I17,I$33))*IF(H17=0,0,IF(H17<=$H$36,$E$36,IF(H17<=$H$37,$E$36,IF(H17<=$H$38,$E$38,0))))*H$34*0.1,0)+IF(AND(J17<>"----",J17),((10-K$33)+IF(K17<=$I$33,K17,K$33))*IF(J17=0,0,IF(J17<=$H$36,$E$36,IF(J17<=$H$37,$E$36,IF(J17<=$H$38,$E$37,0))))*J$34*0.1,0), IF(AND(H17<>"----",H17),((10-I$33)+IF(I17<=$I$33,I17,I$33))*IF(H17=0,0,IF(H17<=$M$36,$J$36,IF(H17<=$M$37,$J$37,IF(H17<=$M$38,$J$38,0))))*H$34*0.1,0)+IF(AND(J17<>"----",J17),((10-K$33)+IF(K17<=$K$33,K17,K$33))*IF(J17=0,0,IF(J17<=$M$36,$J$36,IF(J17<=$M$37,$J$37,IF(J17<=$M$38,$J$38,0))))*J$34*0.1,0)) -> 0 | N17: =CEILING(SUM(L17:M17)*10/SUM($L$33:$M$33),0.1) -> 0 | S17: =CEILING(SUM(P17:R17)*10/SUM($O$33:$R$33),0.1) -> 0 | AD17: =CEILING(SUM(T17:AC17)*10/SUM($T$33:$AC$33),0.1) -> 0 | AE17: =N17*$N$34+S17*$S$34+AD17*$AD$34 -> 0 | AF17: =ROUND(AE17,0) -> 0
A18: =IF(LEFT($H$1,3)="251",'списки групп'!A18,IF(LEFT($H$1,3)="252",'списки групп'!H18,IF(LEFT($H$1,3)="253",'списки групп'!O18,IF(LEFT($H$1,3)="254",'списки групп'!V18,IF(LEFT($H$1,3)="255",'списки групп'!AC18,IF(LEFT($H$1,3)="256",'списки групп'!AJ18,IF(LEFT($H$1,3)="257",'списки групп'!AR18,IF(LEFT($H$1,3)="258",'списки групп'!AY18,IF(LEFT($H$1,3)="259",'списки групп'!BF18,))))))))) -> 14 | B18: =IF(LEFT($H$1,3)="251",'списки групп'!B18,IF(LEFT($H$1,3)="252",'списки групп'!I18,IF(LEFT($H$1,3)="253",'списки групп'!P18,IF(LEFT($H$1,3)="254",'списки групп'!W18,IF(LEFT($H$1,3)="255",'списки групп'!AD18,IF(LEFT($H$1,3)="256",'списки групп'!AK18,IF(LEFT($H$1,3)="257",'списки групп'!AS18,IF(LEFT($H$1,3)="258",'списки групп'!AZ18,IF(LEFT($H$1,3)="259",'списки групп'!BG18,))))))))) -> 144 | C18: =IF(LEFT($H$1,3)="251",'списки групп'!C18,IF(LEFT($H$1,3)="252",'списки групп'!J18,IF(LEFT($H$1,3)="253",'списки групп'!Q18,IF(LEFT($H$1,3)="254",'списки групп'!X18,IF(LEFT($H$1,3)="255",'списки групп'!AE18,IF(LEFT($H$1,3)="256",'списки групп'!AL18,IF(LEFT($H$1,3)="257",'списки групп'!AT18,IF(LEFT($H$1,3)="258",'списки групп'!BA18,IF(LEFT($H$1,3)="259",'списки групп'!BH18,))))))))) -> 1 | D18: =IF(LEFT($H$1,3)="251",'списки групп'!D18,IF(LEFT($H$1,3)="252",'списки групп'!K18,IF(LEFT($H$1,3)="253",'списки групп'!R18,IF(LEFT($H$1,3)="254",'списки групп'!Y18,IF(LEFT($H$1,3)="255",'списки групп'!AF18,IF(LEFT($H$1,3)="256",'списки групп'!AM18,IF(LEFT($H$1,3)="257",'списки групп'!AU18,IF(LEFT($H$1,3)="258",'списки групп'!BB18,IF(LEFT($H$1,3)="259",'списки групп'!BI18,))))))))) -> Комин | E18: =IF(LEFT($H$1,3)="251",'списки групп'!E18,IF(LEFT($H$1,3)="252",'списки групп'!L18,IF(LEFT($H$1,3)="253",'списки групп'!S18,IF(LEFT($H$1,3)="254",'списки групп'!Z18,IF(LEFT($H$1,3)="255",'списки групп'!AG18,IF(LEFT($H$1,3)="256",'списки групп'!AN18,IF(LEFT($H$1,3)="257",'списки групп'!AV18,IF(LEFT($H$1,3)="258",'списки групп'!BC18,IF(LEFT($H$1,3)="259",'списки групп'!BJ18,))))))))) -> Вадим | L18: =IF(C18=1,IF(AND(F18<>"----",F18),((10-G$33)+IF(G18<=G$33,G18,G$33))*IF(F18=0,0,IF(F18<=G$36,$E$36,IF(F18<=G$37,$E$37,IF(F18<=G$38,$E$38,0))))*F$34*0.1,0),IF(AND(F18<>"----",F18),((10-G$33)+IF(G18<=G$33,G18,G$33))*IF(F18=0,0,IF(F18<=L$36,$J$36,IF(F18<=L$37,$J$37,IF(F18<=L$38,$J$38,0))))*F$34*0.1,0)) -> 0 | M18: =IF(C18=1,IF(AND(H18<>"----",H18),((10-I$33)+IF(I18<=$I$33,I18,I$33))*IF(H18=0,0,IF(H18<=$H$36,$E$36,IF(H18<=$H$37,$E$36,IF(H18<=$H$38,$E$38,0))))*H$34*0.1,0)+IF(AND(J18<>"----",J18),((10-K$33)+IF(K18<=$I$33,K18,K$33))*IF(J18=0,0,IF(J18<=$H$36,$E$36,IF(J18<=$H$37,$E$36,IF(J18<=$H$38,$E$37,0))))*J$34*0.1,0), IF(AND(H18<>"----",H18),((10-I$33)+IF(I18<=$I$33,I18,I$33))*IF(H18=0,0,IF(H18<=$M$36,$J$36,IF(H18<=$M$37,$J$37,IF(H18<=$M$38,$J$38,0))))*H$34*0.1,0)+IF(AND(J18<>"----",J18),((10-K$33)+IF(K18<=$K$33,K18,K$33))*IF(J18=0,0,IF(J18<=$M$36,$J$36,IF(J18<=$M$37,$J$37,IF(J18<=$M$38,$J$38,0))))*J$34*0.1,0)) -> 0 | N18: =CEILING(SUM(L18:M18)*10/SUM($L$33:$M$33),0.1) -> 0 | S18: =CEILING(SUM(P18:R18)*10/SUM($O$33:$R$33),0.1) -> 0 | AD18: =CEILING(SUM(T18:AC18)*10/SUM($T$33:$AC$33),0.1) -> 0 | AE18: =N18*$N$34+S18*$S$34+AD18*$AD$34 -> 0 | AF18: =ROUND(AE18,0) -> 0
A19: =IF(LEFT($H$1,3)="251",'списки групп'!A19,IF(LEFT($H$1,3)="252",'списки групп'!H19,IF(LEFT($H$1,3)="253",'списки групп'!O19,IF(LEFT($H$1,3)="254",'списки групп'!V19,IF(LEFT($H$1,3)="255",'списки групп'!AC19,IF(LEFT($H$1,3)="256",'списки групп'!AJ19,IF(LEFT($H$1,3)="257",'списки групп'!AR19,IF(LEFT($H$1,3)="258",'списки групп'!AY19,IF(LEFT($H$1,3)="259",'списки групп'!BF19,))))))))) -> 15 | B19: =IF(LEFT($H$1,3)="251",'списки групп'!B19,IF(LEFT($H$1,3)="252",'списки групп'!I19,IF(LEFT($H$1,3)="253",'списки групп'!P19,IF(LEFT($H$1,3)="254",'списки групп'!W19,IF(LEFT($H$1,3)="255",'списки групп'!AD19,IF(LEFT($H$1,3)="256",'списки групп'!AK19,IF(LEFT($H$1,3)="257",'списки групп'!AS19,IF(LEFT($H$1,3)="258",'списки групп'!AZ19,IF(LEFT($H$1,3)="259",'списки групп'!BG19,))))))))) -> 145 | C19: =IF(LEFT($H$1,3)="251",'списки групп'!C19,IF(LEFT($H$1,3)="252",'списки групп'!J19,IF(LEFT($H$1,3)="253",'списки групп'!Q19,IF(LEFT($H$1,3)="254",'списки групп'!X19,IF(LEFT($H$1,3)="255",'списки групп'!AE19,IF(LEFT($H$1,3)="256",'списки групп'!AL19,IF(LEFT($H$1,3)="257",'списки групп'!AT19,IF(LEFT($H$1,3)="258",'списки групп'!BA19,IF(LEFT($H$1,3)="259",'списки групп'!BH19,))))))))) -> 2 | D19: =IF(LEFT($H$1,3)="251",'списки групп'!D19,IF(LEFT($H$1,3)="252",'списки групп'!K19,IF(LEFT($H$1,3)="253",'списки групп'!R19,IF(LEFT($H$1,3)="254",'списки групп'!Y19,IF(LEFT($H$1,3)="255",'списки групп'!AF19,IF(LEFT($H$1,3)="256",'списки групп'!AM19,IF(LEFT($H$1,3)="257",'списки групп'!AU19,IF(LEFT($H$1,3)="258",'списки групп'!BB19,IF(LEFT($H$1,3)="259",'списки групп'!BI19,))))))))) -> Коротеев | E19: =IF(LEFT($H$1,3)="251",'списки групп'!E19,IF(LEFT($H$1,3)="252",'списки групп'!L19,IF(LEFT($H$1,3)="253",'списки групп'!S19,IF(LEFT($H$1,3)="254",'списки групп'!Z19,IF(LEFT($H$1,3)="255",'списки групп'!AG19,IF(LEFT($H$1,3)="256",'списки групп'!AN19,IF(LEFT($H$1,3)="257",'списки групп'!AV19,IF(LEFT($H$1,3)="258",'списки групп'!BC19,IF(LEFT($H$1,3)="259",'списки групп'!BJ19,))))))))) -> Семён | L19: =IF(C19=1,IF(AND(F19<>"----",F19),((10-G$33)+IF(G19<=G$33,G19,G$33))*IF(F19=0,0,IF(F19<=G$36,$E$36,IF(F19<=G$37,$E$37,IF(F19<=G$38,$E$38,0))))*F$34*0.1,0),IF(AND(F19<>"----",F19),((10-G$33)+IF(G19<=G$33,G19,G$33))*IF(F19=0,0,IF(F19<=L$36,$J$36,IF(F19<=L$37,$J$37,IF(F19<=L$38,$J$38,0))))*F$34*0.1,0)) -> 0 | M19: =IF(C19=1,IF(AND(H19<>"----",H19),((10-I$33)+IF(I19<=$I$33,I19,I$33))*IF(H19=0,0,IF(H19<=$H$36,$E$36,IF(H19<=$H$37,$E$36,IF(H19<=$H$38,$E$38,0))))*H$34*0.1,0)+IF(AND(J19<>"----",J19),((10-K$33)+IF(K19<=$I$33,K19,K$33))*IF(J19=0,0,IF(J19<=$H$36,$E$36,IF(J19<=$H$37,$E$36,IF(J19<=$H$38,$E$37,0))))*J$34*0.1,0), IF(AND(H19<>"----",H19),((10-I$33)+IF(I19<=$I$33,I19,I$33))*IF(H19=0,0,IF(H19<=$M$36,$J$36,IF(H19<=$M$37,$J$37,IF(H19<=$M$38,$J$38,0))))*H$34*0.1,0)+IF(AND(J19<>"----",J19),((10-K$33)+IF(K19<=$K$33,K19,K$33))*IF(J19=0,0,IF(J19<=$M$36,$J$36,IF(J19<=$M$37,$J$37,IF(J19<=$M$38,$J$38,0))))*J$34*0.1,0)) -> 0 | N19: =CEILING(SUM(L19:M19)*10/SUM($L$33:$M$33),0.1) -> 0 | S19: =CEILING(SUM(P19:R19)*10/SUM($O$33:$R$33),0.1) -> 0 | AD19: =CEILING(SUM(T19:AC19)*10/SUM($T$33:$AC$33),0.1) -> 0 | AE19: =N19*$N$34+S19*$S$34+AD19*$AD$34 -> 0 | AF19: =ROUND(AE19,0) -> 0
A20: =IF(LEFT($H$1,3)="251",'списки групп'!A20,IF(LEFT($H$1,3)="252",'списки групп'!H20,IF(LEFT($H$1,3)="253",'списки групп'!O20,IF(LEFT($H$1,3)="254",'списки групп'!V20,IF(LEFT($H$1,3)="255",'списки групп'!AC20,IF(LEFT($H$1,3)="256",'списки групп'!AJ20,IF(LEFT($H$1,3)="257",'списки групп'!AR20,IF(LEFT($H$1,3)="258",'списки групп'!AY20,IF(LEFT($H$1,3)="259",'списки групп'!BF20,))))))))) -> 16 | B20: =IF(LEFT($H$1,3)="251",'списки групп'!B20,IF(LEFT($H$1,3)="252",'списки групп'!I20,IF(LEFT($H$1,3)="253",'списки групп'!P20,IF(LEFT($H$1,3)="254",'списки групп'!W20,IF(LEFT($H$1,3)="255",'списки групп'!AD20,IF(LEFT($H$1,3)="256",'списки групп'!AK20,IF(LEFT($H$1,3)="257",'списки групп'!AS20,IF(LEFT($H$1,3)="258",'списки групп'!AZ20,IF(LEFT($H$1,3)="259",'списки групп'!BG20,))))))))) -> 146 | C20: =IF(LEFT($H$1,3)="251",'списки групп'!C20,IF(LEFT($H$1,3)="252",'списки групп'!J20,IF(LEFT($H$1,3)="253",'списки групп'!Q20,IF(LEFT($H$1,3)="254",'списки групп'!X20,IF(LEFT($H$1,3)="255",'списки групп'!AE20,IF(LEFT($H$1,3)="256",'списки групп'!AL20,IF(LEFT($H$1,3)="257",'списки групп'!AT20,IF(LEFT($H$1,3)="258",'списки групп'!BA20,IF(LEFT($H$1,3)="259",'списки групп'!BH20,))))))))) -> 2 | D20: =IF(LEFT($H$1,3)="251",'списки групп'!D20,IF(LEFT($H$1,3)="252",'списки групп'!K20,IF(LEFT($H$1,3)="253",'списки групп'!R20,IF(LEFT($H$1,3)="254",'списки групп'!Y20,IF(LEFT($H$1,3)="255",'списки групп'!AF20,IF(LEFT($H$1,3)="256",'списки групп'!AM20,IF(LEFT($H$1,3)="257",'списки групп'!AU20,IF(LEFT($H$1,3)="258",'списки групп'!BB20,IF(LEFT($H$1,3)="259",'списки групп'!BI20,))))))))) -> Кучеев | E20: =IF(LEFT($H$1,3)="251",'списки групп'!E20,IF(LEFT($H$1,3)="252",'списки групп'!L20,IF(LEFT($H$1,3)="253",'списки групп'!S20,IF(LEFT($H$1,3)="254",'списки групп'!Z20,IF(LEFT($H$1,3)="255",'списки групп'!AG20,IF(LEFT($H$1,3)="256",'списки групп'!AN20,IF(LEFT($H$1,3)="257",'списки групп'!AV20,IF(LEFT($H$1,3)="258",'списки групп'!BC20,IF(LEFT($H$1,3)="259",'списки групп'!BJ20,))))))))) -> Вадим | L20: =IF(C20=1,IF(AND(F20<>"----",F20),((10-G$33)+IF(G20<=G$33,G20,G$33))*IF(F20=0,0,IF(F20<=G$36,$E$36,IF(F20<=G$37,$E$37,IF(F20<=G$38,$E$38,0))))*F$34*0.1,0),IF(AND(F20<>"----",F20),((10-G$33)+IF(G20<=G$33,G20,G$33))*IF(F20=0,0,IF(F20<=L$36,$J$36,IF(F20<=L$37,$J$37,IF(F20<=L$38,$J$38,0))))*F$34*0.1,0)) -> 0 | M20: =IF(C20=1,IF(AND(H20<>"----",H20),((10-I$33)+IF(I20<=$I$33,I20,I$33))*IF(H20=0,0,IF(H20<=$H$36,$E$36,IF(H20<=$H$37,$E$36,IF(H20<=$H$38,$E$38,0))))*H$34*0.1,0)+IF(AND(J20<>"----",J20),((10-K$33)+IF(K20<=$I$33,K20,K$33))*IF(J20=0,0,IF(J20<=$H$36,$E$36,IF(J20<=$H$37,$E$36,IF(J20<=$H$38,$E$37,0))))*J$34*0.1,0), IF(AND(H20<>"----",H20),((10-I$33)+IF(I20<=$I$33,I20,I$33))*IF(H20=0,0,IF(H20<=$M$36,$J$36,IF(H20<=$M$37,$J$37,IF(H20<=$M$38,$J$38,0))))*H$34*0.1,0)+IF(AND(J20<>"----",J20),((10-K$33)+IF(K20<=$K$33,K20,K$33))*IF(J20=0,0,IF(J20<=$M$36,$J$36,IF(J20<=$M$37,$J$37,IF(J20<=$M$38,$J$38,0))))*J$34*0.1,0)) -> 0 | N20: =CEILING(SUM(L20:M20)*10/SUM($L$33:$M$33),0.1) -> 0 | O20: 2 | S20: =CEILING(SUM(P20:R20)*10/SUM($O$33:$R$33),0.1) -> 0 | AD20: =CEILING(SUM(T20:AC20)*10/SUM($T$33:$AC$33),0.1) -> 0 | AE20: =N20*$N$34+S20*$S$34+AD20*$AD$34 -> 0 | AF20: =ROUND(AE20,0) -> 0
A21: =IF(LEFT($H$1,3)="251",'списки групп'!A21,IF(LEFT($H$1,3)="252",'списки групп'!H21,IF(LEFT($H$1,3)="253",'списки групп'!O21,IF(LEFT($H$1,3)="254",'списки групп'!V21,IF(LEFT($H$1,3)="255",'списки групп'!AC21,IF(LEFT($H$1,3)="256",'списки групп'!AJ21,IF(LEFT($H$1,3)="257",'списки групп'!AR21,IF(LEFT($H$1,3)="258",'списки групп'!AY21,IF(LEFT($H$1,3)="259",'списки групп'!BF21,))))))))) -> 17 | B21: =IF(LEFT($H$1,3)="251",'списки групп'!B21,IF(LEFT($H$1,3)="252",'списки групп'!I21,IF(LEFT($H$1,3)="253",'списки групп'!P21,IF(LEFT($H$1,3)="254",'списки групп'!W21,IF(LEFT($H$1,3)="255",'списки групп'!AD21,IF(LEFT($H$1,3)="256",'списки групп'!AK21,IF(LEFT($H$1,3)="257",'списки групп'!AS21,IF(LEFT($H$1,3)="258",'списки групп'!AZ21,IF(LEFT($H$1,3)="259",'списки групп'!BG21,))))))))) -> 147 | C21: =IF(LEFT($H$1,3)="251",'списки групп'!C21,IF(LEFT($H$1,3)="252",'списки групп'!J21,IF(LEFT($H$1,3)="253",'списки групп'!Q21,IF(LEFT($H$1,3)="254",'списки групп'!X21,IF(LEFT($H$1,3)="255",'списки групп'!AE21,IF(LEFT($H$1,3)="256",'списки групп'!AL21,IF(LEFT($H$1,3)="257",'списки групп'!AT21,IF(LEFT($H$1,3)="258",'списки групп'!BA21,IF(LEFT($H$1,3)="259",'списки групп'!BH21,))))))))) -> 2 | D21: =IF(LEFT($H$1,3)="251",'списки групп'!D21,IF(LEFT($H$1,3)="252",'списки групп'!K21,IF(LEFT($H$1,3)="253",'списки групп'!R21,IF(LEFT($H$1,3)="254",'списки групп'!Y21,IF(LEFT($H$1,3)="255",'списки групп'!AF21,IF(LEFT($H$1,3)="256",'списки групп'!AM21,IF(LEFT($H$1,3)="257",'списки групп'!AU21,IF(LEFT($H$1,3)="258",'списки групп'!BB21,IF(LEFT($H$1,3)="259",'списки групп'!BI21,))))))))) -> Луцик | E21: =IF(LEFT($H$1,3)="251",'списки групп'!E21,IF(LEFT($H$1,3)="252",'списки групп'!L21,IF(LEFT($H$1,3)="253",'списки групп'!S21,IF(LEFT($H$1,3)="254",'списки групп'!Z21,IF(LEFT($H$1,3)="255",'списки групп'!AG21,IF(LEFT($H$1,3)="256",'списки групп'!AN21,IF(LEFT($H$1,3)="257",'списки групп'!AV21,IF(LEFT($H$1,3)="258",'списки групп'!BC21,IF(LEFT($H$1,3)="259",'списки групп'!BJ21,))))))))) -> Глеб | L21: =IF(C21=1,IF(AND(F21<>"----",F21),((10-G$33)+IF(G21<=G$33,G21,G$33))*IF(F21=0,0,IF(F21<=G$36,$E$36,IF(F21<=G$37,$E$37,IF(F21<=G$38,$E$38,0))))*F$34*0.1,0),IF(AND(F21<>"----",F21),((10-G$33)+IF(G21<=G$33,G21,G$33))*IF(F21=0,0,IF(F21<=L$36,$J$36,IF(F21<=L$37,$J$37,IF(F21<=L$38,$J$38,0))))*F$34*0.1,0)) -> 0 | M21: =IF(C21=1,IF(AND(H21<>"----",H21),((10-I$33)+IF(I21<=$I$33,I21,I$33))*IF(H21=0,0,IF(H21<=$H$36,$E$36,IF(H21<=$H$37,$E$36,IF(H21<=$H$38,$E$38,0))))*H$34*0.1,0)+IF(AND(J21<>"----",J21),((10-K$33)+IF(K21<=$I$33,K21,K$33))*IF(J21=0,0,IF(J21<=$H$36,$E$36,IF(J21<=$H$37,$E$36,IF(J21<=$H$38,$E$37,0))))*J$34*0.1,0), IF(AND(H21<>"----",H21),((10-I$33)+IF(I21<=$I$33,I21,I$33))*IF(H21=0,0,IF(H21<=$M$36,$J$36,IF(H21<=$M$37,$J$37,IF(H21<=$M$38,$J$38,0))))*H$34*0.1,0)+IF(AND(J21<>"----",J21),((10-K$33)+IF(K21<=$K$33,K21,K$33))*IF(J21=0,0,IF(J21<=$M$36,$J$36,IF(J21<=$M$37,$J$37,IF(J21<=$M$38,$J$38,0))))*J$34*0.1,0)) -> 0 | N21: =CEILING(SUM(L21:M21)*10/SUM($L$33:$M$33),0.1) -> 0 | S21: =CEILING(SUM(P21:R21)*10/SUM($O$33:$R$33),0.1) -> 0 | AD21: =CEILING(SUM(T21:AC21)*10/SUM($T$33:$AC$33),0.1) -> 0 | AE21: =N21*$N$34+S21*$S$34+AD21*$AD$34 -> 0 | AF21: =ROUND(AE21,0) -> 0
A22: =IF(LEFT($H$1,3)="251",'списки групп'!A22,IF(LEFT($H$1,3)="252",'списки групп'!H22,IF(LEFT($H$1,3)="253",'списки групп'!O22,IF(LEFT($H$1,3)="254",'списки групп'!V22,IF(LEFT($H$1,3)="255",'списки групп'!AC22,IF(LEFT($H$1,3)="256",'списки групп'!AJ22,IF(LEFT($H$1,3)="257",'списки групп'!AR22,IF(LEFT($H$1,3)="258",'списки групп'!AY22,IF(LEFT($H$1,3)="259",'списки групп'!BF22,))))))))) -> 18 | B22: =IF(LEFT($H$1,3)="251",'списки групп'!B22,IF(LEFT($H$1,3)="252",'списки групп'!I22,IF(LEFT($H$1,3)="253",'списки групп'!P22,IF(LEFT($H$1,3)="254",'списки групп'!W22,IF(LEFT($H$1,3)="255",'списки групп'!AD22,IF(LEFT($H$1,3)="256",'списки групп'!AK22,IF(LEFT($H$1,3)="257",'списки групп'!AS22,IF(LEFT($H$1,3)="258",'списки групп'!AZ22,IF(LEFT($H$1,3)="259",'списки групп'!BG22,))))))))) -> 148 | C22: =IF(LEFT($H$1,3)="251",'списки групп'!C22,IF(LEFT($H$1,3)="252",'списки групп'!J22,IF(LEFT($H$1,3)="253",'списки групп'!Q22,IF(LEFT($H$1,3)="254",'списки групп'!X22,IF(LEFT($H$1,3)="255",'списки групп'!AE22,IF(LEFT($H$1,3)="256",'списки групп'!AL22,IF(LEFT($H$1,3)="257",'списки групп'!AT22,IF(LEFT($H$1,3)="258",'списки групп'!BA22,IF(LEFT($H$1,3)="259",'списки групп'!BH22,))))))))) -> 2 | D22: =IF(LEFT($H$1,3)="251",'списки групп'!D22,IF(LEFT($H$1,3)="252",'списки групп'!K22,IF(LEFT($H$1,3)="253",'списки групп'!R22,IF(LEFT($H$1,3)="254",'списки групп'!Y22,IF(LEFT($H$1,3)="255",'списки групп'!AF22,IF(LEFT($H$1,3)="256",'списки групп'!AM22,IF(LEFT($H$1,3)="257",'списки групп'!AU22,IF(LEFT($H$1,3)="258",'списки групп'!BB22,IF(LEFT($H$1,3)="259",'списки групп'!BI22,))))))))) -> Мамбетов | E22: =IF(LEFT($H$1,3)="251",'списки групп'!E22,IF(LEFT($H$1,3)="252",'списки групп'!L22,IF(LEFT($H$1,3)="253",'списки групп'!S22,IF(LEFT($H$1,3)="254",'списки групп'!Z22,IF(LEFT($H$1,3)="255",'списки групп'!AG22,IF(LEFT($H$1,3)="256",'списки групп'!AN22,IF(LEFT($H$1,3)="257",'списки групп'!AV22,IF(LEFT($H$1,3)="258",'списки групп'!BC22,IF(LEFT($H$1,3)="259",'списки групп'!BJ22,))))))))) -> Егор | L22: =IF(C22=1,IF(AND(F22<>"----",F22),((10-G$33)+IF(G22<=G$33,G22,G$33))*IF(F22=0,0,IF(F22<=G$36,$E$36,IF(F22<=G$37,$E$37,IF(F22<=G$38,$E$38,0))))*F$34*0.1,0),IF(AND(F22<>"----",F22),((10-G$33)+IF(G22<=G$33,G22,G$33))*IF(F22=0,0,IF(F22<=L$36,$J$36,IF(F22<=L$37,$J$37,IF(F22<=L$38,$J$38,0))))*F$34*0.1,0)) -> 0 | M22: =IF(C22=1,IF(AND(H22<>"----",H22),((10-I$33)+IF(I22<=$I$33,I22,I$33))*IF(H22=0,0,IF(H22<=$H$36,$E$36,IF(H22<=$H$37,$E$36,IF(H22<=$H$38,$E$38,0))))*H$34*0.1,0)+IF(AND(J22<>"----",J22),((10-K$33)+IF(K22<=$I$33,K22,K$33))*IF(J22=0,0,IF(J22<=$H$36,$E$36,IF(J22<=$H$37,$E$36,IF(J22<=$H$38,$E$37,0))))*J$34*0.1,0), IF(AND(H22<>"----",H22),((10-I$33)+IF(I22<=$I$33,I22,I$33))*IF(H22=0,0,IF(H22<=$M$36,$J$36,IF(H22<=$M$37,$J$37,IF(H22<=$M$38,$J$38,0))))*H$34*0.1,0)+IF(AND(J22<>"----",J22),((10-K$33)+IF(K22<=$K$33,K22,K$33))*IF(J22=0,0,IF(J22<=$M$36,$J$36,IF(J22<=$M$37,$J$37,IF(J22<=$M$38,$J$38,0))))*J$34*0.1,0)) -> 0 | N22: =CEILING(SUM(L22:M22)*10/SUM($L$33:$M$33),0.1) -> 0 | S22: =CEILING(SUM(P22:R22)*10/SUM($O$33:$R$33),0.1) -> 0 | AD22: =CEILING(SUM(T22:AC22)*10/SUM($T$33:$AC$33),0.1) -> 0 | AE22: =N22*$N$34+S22*$S$34+AD22*$AD$34 -> 0 | AF22: =ROUND(AE22,0) -> 0
A23: =IF(LEFT($H$1,3)="251",'списки групп'!A23,IF(LEFT($H$1,3)="252",'списки групп'!H23,IF(LEFT($H$1,3)="253",'списки групп'!O23,IF(LEFT($H$1,3)="254",'списки групп'!V23,IF(LEFT($H$1,3)="255",'списки групп'!AC23,IF(LEFT($H$1,3)="256",'списки групп'!AJ23,IF(LEFT($H$1,3)="257",'списки групп'!AR23,IF(LEFT($H$1,3)="258",'списки групп'!AY23,IF(LEFT($H$1,3)="259",'списки групп'!BF23,))))))))) -> 19 | B23: =IF(LEFT($H$1,3)="251",'списки групп'!B23,IF(LEFT($H$1,3)="252",'списки групп'!I23,IF(LEFT($H$1,3)="253",'списки групп'!P23,IF(LEFT($H$1,3)="254",'списки групп'!W23,IF(LEFT($H$1,3)="255",'списки групп'!AD23,IF(LEFT($H$1,3)="256",'списки групп'!AK23,IF(LEFT($H$1,3)="257",'списки групп'!AS23,IF(LEFT($H$1,3)="258",'списки групп'!AZ23,IF(LEFT($H$1,3)="259",'списки групп'!BG23,))))))))) -> 149 | C23: =IF(LEFT($H$1,3)="251",'списки групп'!C23,IF(LEFT($H$1,3)="252",'списки групп'!J23,IF(LEFT($H$1,3)="253",'списки групп'!Q23,IF(LEFT($H$1,3)="254",'списки групп'!X23,IF(LEFT($H$1,3)="255",'списки групп'!AE23,IF(LEFT($H$1,3)="256",'списки групп'!AL23,IF(LEFT($H$1,3)="257",'списки групп'!AT23,IF(LEFT($H$1,3)="258",'списки групп'!BA23,IF(LEFT($H$1,3)="259",'списки групп'!BH23,))))))))) -> 2 | D23: =IF(LEFT($H$1,3)="251",'списки групп'!D23,IF(LEFT($H$1,3)="252",'списки групп'!K23,IF(LEFT($H$1,3)="253",'списки групп'!R23,IF(LEFT($H$1,3)="254",'списки групп'!Y23,IF(LEFT($H$1,3)="255",'списки групп'!AF23,IF(LEFT($H$1,3)="256",'списки групп'!AM23,IF(LEFT($H$1,3)="257",'списки групп'!AU23,IF(LEFT($H$1,3)="258",'списки групп'!BB23,IF(LEFT($H$1,3)="259",'списки групп'!BI23,))))))))) -> Парахин | E23: =IF(LEFT($H$1,3)="251",'списки групп'!E23,IF(LEFT($H$1,3)="252",'списки групп'!L23,IF(LEFT($H$1,3)="253",'списки групп'!S23,IF(LEFT($H$1,3)="254",'списки групп'!Z23,IF(LEFT($H$1,3)="255",'списки групп'!AG23,IF(LEFT($H$1,3)="256",'списки групп'!AN23,IF(LEFT($H$1,3)="257",'списки групп'!AV23,IF(LEFT($H$1,3)="258",'списки групп'!BC23,IF(LEFT($H$1,3)="259",'списки групп'!BJ23,))))))))) -> Севастьян | L23: =IF(C23=1,IF(AND(F23<>"----",F23),((10-G$33)+IF(G23<=G$33,G23,G$33))*IF(F23=0,0,IF(F23<=G$36,$E$36,IF(F23<=G$37,$E$37,IF(F23<=G$38,$E$38,0))))*F$34*0.1,0),IF(AND(F23<>"----",F23),((10-G$33)+IF(G23<=G$33,G23,G$33))*IF(F23=0,0,IF(F23<=L$36,$J$36,IF(F23<=L$37,$J$37,IF(F23<=L$38,$J$38,0))))*F$34*0.1,0)) -> 0 | M23: =IF(C23=1,IF(AND(H23<>"----",H23),((10-I$33)+IF(I23<=$I$33,I23,I$33))*IF(H23=0,0,IF(H23<=$H$36,$E$36,IF(H23<=$H$37,$E$36,IF(H23<=$H$38,$E$38,0))))*H$34*0.1,0)+IF(AND(J23<>"----",J23),((10-K$33)+IF(K23<=$I$33,K23,K$33))*IF(J23=0,0,IF(J23<=$H$36,$E$36,IF(J23<=$H$37,$E$36,IF(J23<=$H$38,$E$37,0))))*J$34*0.1,0), IF(AND(H23<>"----",H23),((10-I$33)+IF(I23<=$I$33,I23,I$33))*IF(H23=0,0,IF(H23<=$M$36,$J$36,IF(H23<=$M$37,$J$37,IF(H23<=$M$38,$J$38,0))))*H$34*0.1,0)+IF(AND(J23<>"----",J23),((10-K$33)+IF(K23<=$K$33,K23,K$33))*IF(J23=0,0,IF(J23<=$M$36,$J$36,IF(J23<=$M$37,$J$37,IF(J23<=$M$38,$J$38,0))))*J$34*0.1,0)) -> 0 | N23: =CEILING(SUM(L23:M23)*10/SUM($L$33:$M$33),0.1) -> 0 | S23: =CEILING(SUM(P23:R23)*10/SUM($O$33:$R$33),0.1) -> 0 | AD23: =CEILING(SUM(T23:AC23)*10/SUM($T$33:$AC$33),0.1) -> 0 | AE23: =N23*$N$34+S23*$S$34+AD23*$AD$34 -> 0 | AF23: =ROUND(AE23,0) -> 0
A24: =IF(LEFT($H$1,3)="251",'списки групп'!A24,IF(LEFT($H$1,3)="252",'списки групп'!H24,IF(LEFT($H$1,3)="253",'списки групп'!O24,IF(LEFT($H$1,3)="254",'списки групп'!V24,IF(LEFT($H$1,3)="255",'списки групп'!AC24,IF(LEFT($H$1,3)="256",'списки групп'!AJ24,IF(LEFT($H$1,3)="257",'списки групп'!AR24,IF(LEFT($H$1,3)="258",'списки групп'!AY24,IF(LEFT($H$1,3)="259",'списки групп'!BF24,))))))))) -> 20 | B24: =IF(LEFT($H$1,3)="251",'списки групп'!B24,IF(LEFT($H$1,3)="252",'списки групп'!I24,IF(LEFT($H$1,3)="253",'списки групп'!P24,IF(LEFT($H$1,3)="254",'списки групп'!W24,IF(LEFT($H$1,3)="255",'списки групп'!AD24,IF(LEFT($H$1,3)="256",'списки групп'!AK24,IF(LEFT($H$1,3)="257",'списки групп'!AS24,IF(LEFT($H$1,3)="258",'списки групп'!AZ24,IF(LEFT($H$1,3)="259",'списки групп'!BG24,))))))))) -> 150 | C24: =IF(LEFT($H$1,3)="251",'списки групп'!C24,IF(LEFT($H$1,3)="252",'списки групп'!J24,IF(LEFT($H$1,3)="253",'списки групп'!Q24,IF(LEFT($H$1,3)="254",'списки групп'!X24,IF(LEFT($H$1,3)="255",'списки групп'!AE24,IF(LEFT($H$1,3)="256",'списки групп'!AL24,IF(LEFT($H$1,3)="257",'списки групп'!AT24,IF(LEFT($H$1,3)="258",'списки групп'!BA24,IF(LEFT($H$1,3)="259",'списки групп'!BH24,))))))))) -> 2 | D24: =IF(LEFT($H$1,3)="251",'списки групп'!D24,IF(LEFT($H$1,3)="252",'списки групп'!K24,IF(LEFT($H$1,3)="253",'списки групп'!R24,IF(LEFT($H$1,3)="254",'списки групп'!Y24,IF(LEFT($H$1,3)="255",'списки групп'!AF24,IF(LEFT($H$1,3)="256",'списки групп'!AM24,IF(LEFT($H$1,3)="257",'списки групп'!AU24,IF(LEFT($H$1,3)="258",'списки групп'!BB24,IF(LEFT($H$1,3)="259",'списки групп'!BI24,))))))))) -> Пивень | E24: =IF(LEFT($H$1,3)="251",'списки групп'!E24,IF(LEFT($H$1,3)="252",'списки групп'!L24,IF(LEFT($H$1,3)="253",'списки групп'!S24,IF(LEFT($H$1,3)="254",'списки групп'!Z24,IF(LEFT($H$1,3)="255",'списки групп'!AG24,IF(LEFT($H$1,3)="256",'списки групп'!AN24,IF(LEFT($H$1,3)="257",'списки групп'!AV24,IF(LEFT($H$1,3)="258",'списки групп'!BC24,IF(LEFT($H$1,3)="259",'списки групп'!BJ24,))))))))) -> Степан | L24: =IF(C24=1,IF(AND(F24<>"----",F24),((10-G$33)+IF(G24<=G$33,G24,G$33))*IF(F24=0,0,IF(F24<=G$36,$E$36,IF(F24<=G$37,$E$37,IF(F24<=G$38,$E$38,0))))*F$34*0.1,0),IF(AND(F24<>"----",F24),((10-G$33)+IF(G24<=G$33,G24,G$33))*IF(F24=0,0,IF(F24<=L$36,$J$36,IF(F24<=L$37,$J$37,IF(F24<=L$38,$J$38,0))))*F$34*0.1,0)) -> 0 | M24: =IF(C24=1,IF(AND(H24<>"----",H24),((10-I$33)+IF(I24<=$I$33,I24,I$33))*IF(H24=0,0,IF(H24<=$H$36,$E$36,IF(H24<=$H$37,$E$36,IF(H24<=$H$38,$E$38,0))))*H$34*0.1,0)+IF(AND(J24<>"----",J24),((10-K$33)+IF(K24<=$I$33,K24,K$33))*IF(J24=0,0,IF(J24<=$H$36,$E$36,IF(J24<=$H$37,$E$36,IF(J24<=$H$38,$E$37,0))))*J$34*0.1,0), IF(AND(H24<>"----",H24),((10-I$33)+IF(I24<=$I$33,I24,I$33))*IF(H24=0,0,IF(H24<=$M$36,$J$36,IF(H24<=$M$37,$J$37,IF(H24<=$M$38,$J$38,0))))*H$34*0.1,0)+IF(AND(J24<>"----",J24),((10-K$33)+IF(K24<=$K$33,K24,K$33))*IF(J24=0,0,IF(J24<=$M$36,$J$36,IF(J24<=$M$37,$J$37,IF(J24<=$M$38,$J$38,0))))*J$34*0.1,0)) -> 0 | N24: =CEILING(SUM(L24:M24)*10/SUM($L$33:$M$33),0.1) -> 0 | O24: 2 | S24: =CEILING(SUM(P24:R24)*10/SUM($O$33:$R$33),0.1) -> 0 | AD24: =CEILING(SUM(T24:AC24)*10/SUM($T$33:$AC$33),0.1) -> 0 | AE24: =N24*$N$34+S24*$S$34+AD24*$AD$34 -> 0 | AF24: =ROUND(AE24,0) -> 0
A25: =IF(LEFT($H$1,3)="251",'списки групп'!A25,IF(LEFT($H$1,3)="252",'списки групп'!H25,IF(LEFT($H$1,3)="253",'списки групп'!O25,IF(LEFT($H$1,3)="254",'списки групп'!V25,IF(LEFT($H$1,3)="255",'списки групп'!AC25,IF(LEFT($H$1,3)="256",'списки групп'!AJ25,IF(LEFT($H$1,3)="257",'списки групп'!AR25,IF(LEFT($H$1,3)="258",'списки групп'!AY25,IF(LEFT($H$1,3)="259",'списки групп'!BF25,))))))))) -> 21 | B25: =IF(LEFT($H$1,3)="251",'списки групп'!B25,IF(LEFT($H$1,3)="252",'списки групп'!I25,IF(LEFT($H$1,3)="253",'списки групп'!P25,IF(LEFT($H$1,3)="254",'списки групп'!W25,IF(LEFT($H$1,3)="255",'списки групп'!AD25,IF(LEFT($H$1,3)="256",'списки групп'!AK25,IF(LEFT($H$1,3)="257",'списки групп'!AS25,IF(LEFT($H$1,3)="258",'списки групп'!AZ25,IF(LEFT($H$1,3)="259",'списки групп'!BG25,))))))))) -> 151 | C25: =IF(LEFT($H$1,3)="251",'списки групп'!C25,IF(LEFT($H$1,3)="252",'списки групп'!J25,IF(LEFT($H$1,3)="253",'списки групп'!Q25,IF(LEFT($H$1,3)="254",'списки групп'!X25,IF(LEFT($H$1,3)="255",'списки групп'!AE25,IF(LEFT($H$1,3)="256",'списки групп'!AL25,IF(LEFT($H$1,3)="257",'списки групп'!AT25,IF(LEFT($H$1,3)="258",'списки групп'!BA25,IF(LEFT($H$1,3)="259",'списки групп'!BH25,))))))))) -> 2 | D25: =IF(LEFT($H$1,3)="251",'списки групп'!D25,IF(LEFT($H$1,3)="252",'списки групп'!K25,IF(LEFT($H$1,3)="253",'списки групп'!R25,IF(LEFT($H$1,3)="254",'списки групп'!Y25,IF(LEFT($H$1,3)="255",'списки групп'!AF25,IF(LEFT($H$1,3)="256",'списки групп'!AM25,IF(LEFT($H$1,3)="257",'списки групп'!AU25,IF(LEFT($H$1,3)="258",'списки групп'!BB25,IF(LEFT($H$1,3)="259",'списки групп'!BI25,))))))))) -> Пилипенко | E25: =IF(LEFT($H$1,3)="251",'списки групп'!E25,IF(LEFT($H$1,3)="252",'списки групп'!L25,IF(LEFT($H$1,3)="253",'списки групп'!S25,IF(LEFT($H$1,3)="254",'списки групп'!Z25,IF(LEFT($H$1,3)="255",'списки групп'!AG25,IF(LEFT($H$1,3)="256",'списки групп'!AN25,IF(LEFT($H$1,3)="257",'списки групп'!AV25,IF(LEFT($H$1,3)="258",'списки групп'!BC25,IF(LEFT($H$1,3)="259",'списки групп'!BJ25,))))))))) -> Дмитрий | L25: =IF(C25=1,IF(AND(F25<>"----",F25),((10-G$33)+IF(G25<=G$33,G25,G$33))*IF(F25=0,0,IF(F25<=G$36,$E$36,IF(F25<=G$37,$E$37,IF(F25<=G$38,$E$38,0))))*F$34*0.1,0),IF(AND(F25<>"----",F25),((10-G$33)+IF(G25<=G$33,G25,G$33))*IF(F25=0,0,IF(F25<=L$36,$J$36,IF(F25<=L$37,$J$37,IF(F25<=L$38,$J$38,0))))*F$34*0.1,0)) -> 0 | M25: =IF(C25=1,IF(AND(H25<>"----",H25),((10-I$33)+IF(I25<=$I$33,I25,I$33))*IF(H25=0,0,IF(H25<=$H$36,$E$36,IF(H25<=$H$37,$E$36,IF(H25<=$H$38,$E$38,0))))*H$34*0.1,0)+IF(AND(J25<>"----",J25),((10-K$33)+IF(K25<=$I$33,K25,K$33))*IF(J25=0,0,IF(J25<=$H$36,$E$36,IF(J25<=$H$37,$E$36,IF(J25<=$H$38,$E$37,0))))*J$34*0.1,0), IF(AND(H25<>"----",H25),((10-I$33)+IF(I25<=$I$33,I25,I$33))*IF(H25=0,0,IF(H25<=$M$36,$J$36,IF(H25<=$M$37,$J$37,IF(H25<=$M$38,$J$38,0))))*H$34*0.1,0)+IF(AND(J25<>"----",J25),((10-K$33)+IF(K25<=$K$33,K25,K$33))*IF(J25=0,0,IF(J25<=$M$36,$J$36,IF(J25<=$M$37,$J$37,IF(J25<=$M$38,$J$38,0))))*J$34*0.1,0)) -> 0 | N25: =CEILING(SUM(L25:M25)*10/SUM($L$33:$M$33),0.1) -> 0 | S25: =CEILING(SUM(P25:R25)*10/SUM($O$33:$R$33),0.1) -> 0 | AD25: =CEILING(SUM(T25:AC25)*10/SUM($T$33:$AC$33),0.1) -> 0 | AE25: =N25*$N$34+S25*$S$34+AD25*$AD$34 -> 0 | AF25: =ROUND(AE25,0) -> 0
A26: =IF(LEFT($H$1,3)="251",'списки групп'!A26,IF(LEFT($H$1,3)="252",'списки групп'!H26,IF(LEFT($H$1,3)="253",'списки групп'!O26,IF(LEFT($H$1,3)="254",'списки групп'!V26,IF(LEFT($H$1,3)="255",'списки групп'!AC26,IF(LEFT($H$1,3)="256",'списки групп'!AJ26,IF(LEFT($H$1,3)="257",'списки групп'!AR26,IF(LEFT($H$1,3)="258",'списки групп'!AY26,IF(LEFT($H$1,3)="259",'списки групп'!BF26,))))))))) -> 22 | B26: =IF(LEFT($H$1,3)="251",'списки групп'!B26,IF(LEFT($H$1,3)="252",'списки групп'!I26,IF(LEFT($H$1,3)="253",'списки групп'!P26,IF(LEFT($H$1,3)="254",'списки групп'!W26,IF(LEFT($H$1,3)="255",'списки групп'!AD26,IF(LEFT($H$1,3)="256",'списки групп'!AK26,IF(LEFT($H$1,3)="257",'списки групп'!AS26,IF(LEFT($H$1,3)="258",'списки групп'!AZ26,IF(LEFT($H$1,3)="259",'списки групп'!BG26,))))))))) -> 152 | C26: =IF(LEFT($H$1,3)="251",'списки групп'!C26,IF(LEFT($H$1,3)="252",'списки групп'!J26,IF(LEFT($H$1,3)="253",'списки групп'!Q26,IF(LEFT($H$1,3)="254",'списки групп'!X26,IF(LEFT($H$1,3)="255",'списки групп'!AE26,IF(LEFT($H$1,3)="256",'списки групп'!AL26,IF(LEFT($H$1,3)="257",'списки групп'!AT26,IF(LEFT($H$1,3)="258",'списки групп'!BA26,IF(LEFT($H$1,3)="259",'списки групп'!BH26,))))))))) -> 2 | D26: =IF(LEFT($H$1,3)="251",'списки групп'!D26,IF(LEFT($H$1,3)="252",'списки групп'!K26,IF(LEFT($H$1,3)="253",'списки групп'!R26,IF(LEFT($H$1,3)="254",'списки групп'!Y26,IF(LEFT($H$1,3)="255",'списки групп'!AF26,IF(LEFT($H$1,3)="256",'списки групп'!AM26,IF(LEFT($H$1,3)="257",'списки групп'!AU26,IF(LEFT($H$1,3)="258",'списки групп'!BB26,IF(LEFT($H$1,3)="259",'списки групп'!BI26,))))))))) -> Прядкин | E26: =IF(LEFT($H$1,3)="251",'списки групп'!E26,IF(LEFT($H$1,3)="252",'списки групп'!L26,IF(LEFT($H$1,3)="253",'списки групп'!S26,IF(LEFT($H$1,3)="254",'списки групп'!Z26,IF(LEFT($H$1,3)="255",'списки групп'!AG26,IF(LEFT($H$1,3)="256",'списки групп'!AN26,IF(LEFT($H$1,3)="257",'списки групп'!AV26,IF(LEFT($H$1,3)="258",'списки групп'!BC26,IF(LEFT($H$1,3)="259",'списки групп'!BJ26,))))))))) -> Максим | L26: =IF(C26=1,IF(AND(F26<>"----",F26),((10-G$33)+IF(G26<=G$33,G26,G$33))*IF(F26=0,0,IF(F26<=G$36,$E$36,IF(F26<=G$37,$E$37,IF(F26<=G$38,$E$38,0))))*F$34*0.1,0),IF(AND(F26<>"----",F26),((10-G$33)+IF(G26<=G$33,G26,G$33))*IF(F26=0,0,IF(F26<=L$36,$J$36,IF(F26<=L$37,$J$37,IF(F26<=L$38,$J$38,0))))*F$34*0.1,0)) -> 0 | M26: =IF(C26=1,IF(AND(H26<>"----",H26),((10-I$33)+IF(I26<=$I$33,I26,I$33))*IF(H26=0,0,IF(H26<=$H$36,$E$36,IF(H26<=$H$37,$E$36,IF(H26<=$H$38,$E$38,0))))*H$34*0.1,0)+IF(AND(J26<>"----",J26),((10-K$33)+IF(K26<=$I$33,K26,K$33))*IF(J26=0,0,IF(J26<=$H$36,$E$36,IF(J26<=$H$37,$E$36,IF(J26<=$H$38,$E$37,0))))*J$34*0.1,0), IF(AND(H26<>"----",H26),((10-I$33)+IF(I26<=$I$33,I26,I$33))*IF(H26=0,0,IF(H26<=$M$36,$J$36,IF(H26<=$M$37,$J$37,IF(H26<=$M$38,$J$38,0))))*H$34*0.1,0)+IF(AND(J26<>"----",J26),((10-K$33)+IF(K26<=$K$33,K26,K$33))*IF(J26=0,0,IF(J26<=$M$36,$J$36,IF(J26<=$M$37,$J$37,IF(J26<=$M$38,$J$38,0))))*J$34*0.1,0)) -> 0 | N26: =CEILING(SUM(L26:M26)*10/SUM($L$33:$M$33),0.1) -> 0 | S26: =CEILING(SUM(P26:R26)*10/SUM($O$33:$R$33),0.1) -> 0 | AD26: =CEILING(SUM(T26:AC26)*10/SUM($T$33:$AC$33),0.1) -> 0 | AE26: =N26*$N$34+S26*$S$34+AD26*$AD$34 -> 0 | AF26: =ROUND(AE26,0) -> 0
A27: =IF(LEFT($H$1,3)="251",'списки групп'!A27,IF(LEFT($H$1,3)="252",'списки групп'!H27,IF(LEFT($H$1,3)="253",'списки групп'!O27,IF(LEFT($H$1,3)="254",'списки групп'!V27,IF(LEFT($H$1,3)="255",'списки групп'!AC27,IF(LEFT($H$1,3)="256",'списки групп'!AJ27,IF(LEFT($H$1,3)="257",'списки групп'!AR27,IF(LEFT($H$1,3)="258",'списки групп'!AY27,IF(LEFT($H$1,3)="259",'списки групп'!BF27,))))))))) -> 23 | B27: =IF(LEFT($H$1,3)="251",'списки групп'!B27,IF(LEFT($H$1,3)="252",'списки групп'!I27,IF(LEFT($H$1,3)="253",'списки групп'!P27,IF(LEFT($H$1,3)="254",'списки групп'!W27,IF(LEFT($H$1,3)="255",'списки групп'!AD27,IF(LEFT($H$1,3)="256",'списки групп'!AK27,IF(LEFT($H$1,3)="257",'списки групп'!AS27,IF(LEFT($H$1,3)="258",'списки групп'!AZ27,IF(LEFT($H$1,3)="259",'списки групп'!BG27,))))))))) -> 153 | C27: =IF(LEFT($H$1,3)="251",'списки групп'!C27,IF(LEFT($H$1,3)="252",'списки групп'!J27,IF(LEFT($H$1,3)="253",'списки групп'!Q27,IF(LEFT($H$1,3)="254",'списки групп'!X27,IF(LEFT($H$1,3)="255",'списки групп'!AE27,IF(LEFT($H$1,3)="256",'списки групп'!AL27,IF(LEFT($H$1,3)="257",'списки групп'!AT27,IF(LEFT($H$1,3)="258",'списки групп'!BA27,IF(LEFT($H$1,3)="259",'списки групп'!BH27,))))))))) -> 2 | D27: =IF(LEFT($H$1,3)="251",'списки групп'!D27,IF(LEFT($H$1,3)="252",'списки групп'!K27,IF(LEFT($H$1,3)="253",'списки групп'!R27,IF(LEFT($H$1,3)="254",'списки групп'!Y27,IF(LEFT($H$1,3)="255",'списки групп'!AF27,IF(LEFT($H$1,3)="256",'списки групп'!AM27,IF(LEFT($H$1,3)="257",'списки групп'!AU27,IF(LEFT($H$1,3)="258",'списки групп'!BB27,IF(LEFT($H$1,3)="259",'списки групп'!BI27,))))))))) -> Тиманова | E27: =IF(LEFT($H$1,3)="251",'списки групп'!E27,IF(LEFT($H$1,3)="252",'списки групп'!L27,IF(LEFT($H$1,3)="253",'списки групп'!S27,IF(LEFT($H$1,3)="254",'списки групп'!Z27,IF(LEFT($H$1,3)="255",'списки групп'!AG27,IF(LEFT($H$1,3)="256",'списки групп'!AN27,IF(LEFT($H$1,3)="257",'списки групп'!AV27,IF(LEFT($H$1,3)="258",'списки групп'!BC27,IF(LEFT($H$1,3)="259",'списки групп'!BJ27,))))))))) -> Эльвина | L27: =IF(C27=1,IF(AND(F27<>"----",F27),((10-G$33)+IF(G27<=G$33,G27,G$33))*IF(F27=0,0,IF(F27<=G$36,$E$36,IF(F27<=G$37,$E$37,IF(F27<=G$38,$E$38,0))))*F$34*0.1,0),IF(AND(F27<>"----",F27),((10-G$33)+IF(G27<=G$33,G27,G$33))*IF(F27=0,0,IF(F27<=L$36,$J$36,IF(F27<=L$37,$J$37,IF(F27<=L$38,$J$38,0))))*F$34*0.1,0)) -> 0 | M27: =IF(C27=1,IF(AND(H27<>"----",H27),((10-I$33)+IF(I27<=$I$33,I27,I$33))*IF(H27=0,0,IF(H27<=$H$36,$E$36,IF(H27<=$H$37,$E$36,IF(H27<=$H$38,$E$38,0))))*H$34*0.1,0)+IF(AND(J27<>"----",J27),((10-K$33)+IF(K27<=$I$33,K27,K$33))*IF(J27=0,0,IF(J27<=$H$36,$E$36,IF(J27<=$H$37,$E$36,IF(J27<=$H$38,$E$37,0))))*J$34*0.1,0), IF(AND(H27<>"----",H27),((10-I$33)+IF(I27<=$I$33,I27,I$33))*IF(H27=0,0,IF(H27<=$M$36,$J$36,IF(H27<=$M$37,$J$37,IF(H27<=$M$38,$J$38,0))))*H$34*0.1,0)+IF(AND(J27<>"----",J27),((10-K$33)+IF(K27<=$K$33,K27,K$33))*IF(J27=0,0,IF(J27<=$M$36,$J$36,IF(J27<=$M$37,$J$37,IF(J27<=$M$38,$J$38,0))))*J$34*0.1,0)) -> 0 | N27: =CEILING(SUM(L27:M27)*10/SUM($L$33:$M$33),0.1) -> 0 | S27: =CEILING(SUM(P27:R27)*10/SUM($O$33:$R$33),0.1) -> 0 | AD27: =CEILING(SUM(T27:AC27)*10/SUM($T$33:$AC$33),0.1) -> 0 | AE27: =N27*$N$34+S27*$S$34+AD27*$AD$34 -> 0 | AF27: =ROUND(AE27,0) -> 0
A28: =IF(LEFT($H$1,3)="251",'списки групп'!A28,IF(LEFT($H$1,3)="252",'списки групп'!H28,IF(LEFT($H$1,3)="253",'списки групп'!O28,IF(LEFT($H$1,3)="254",'списки групп'!V28,IF(LEFT($H$1,3)="255",'списки групп'!AC28,IF(LEFT($H$1,3)="256",'списки групп'!AJ28,IF(LEFT($H$1,3)="257",'списки групп'!AR28,IF(LEFT($H$1,3)="258",'списки групп'!AY28,IF(LEFT($H$1,3)="259",'списки групп'!BF28,))))))))) -> 24 | B28: =IF(LEFT($H$1,3)="251",'списки групп'!B28,IF(LEFT($H$1,3)="252",'списки групп'!I28,IF(LEFT($H$1,3)="253",'списки групп'!P28,IF(LEFT($H$1,3)="254",'списки групп'!W28,IF(LEFT($H$1,3)="255",'списки групп'!AD28,IF(LEFT($H$1,3)="256",'списки групп'!AK28,IF(LEFT($H$1,3)="257",'списки групп'!AS28,IF(LEFT($H$1,3)="258",'списки групп'!AZ28,IF(LEFT($H$1,3)="259",'списки групп'!BG28,))))))))) -> 154 | C28: =IF(LEFT($H$1,3)="251",'списки групп'!C28,IF(LEFT($H$1,3)="252",'списки групп'!J28,IF(LEFT($H$1,3)="253",'списки групп'!Q28,IF(LEFT($H$1,3)="254",'списки групп'!X28,IF(LEFT($H$1,3)="255",'списки групп'!AE28,IF(LEFT($H$1,3)="256",'списки групп'!AL28,IF(LEFT($H$1,3)="257",'списки групп'!AT28,IF(LEFT($H$1,3)="258",'списки групп'!BA28,IF(LEFT($H$1,3)="259",'списки групп'!BH28,))))))))) -> 2 | D28: =IF(LEFT($H$1,3)="251",'списки групп'!D28,IF(LEFT($H$1,3)="252",'списки групп'!K28,IF(LEFT($H$1,3)="253",'списки групп'!R28,IF(LEFT($H$1,3)="254",'списки групп'!Y28,IF(LEFT($H$1,3)="255",'списки групп'!AF28,IF(LEFT($H$1,3)="256",'списки групп'!AM28,IF(LEFT($H$1,3)="257",'списки групп'!AU28,IF(LEFT($H$1,3)="258",'списки групп'!BB28,IF(LEFT($H$1,3)="259",'списки групп'!BI28,))))))))) -> Туровский | E28: =IF(LEFT($H$1,3)="251",'списки групп'!E28,IF(LEFT($H$1,3)="252",'списки групп'!L28,IF(LEFT($H$1,3)="253",'списки групп'!S28,IF(LEFT($H$1,3)="254",'списки групп'!Z28,IF(LEFT($H$1,3)="255",'списки групп'!AG28,IF(LEFT($H$1,3)="256",'списки групп'!AN28,IF(LEFT($H$1,3)="257",'списки групп'!AV28,IF(LEFT($H$1,3)="258",'списки групп'!BC28,IF(LEFT($H$1,3)="259",'списки групп'!BJ28,))))))))) -> Леонид | L28: =IF(C28=1,IF(AND(F28<>"----",F28),((10-G$33)+IF(G28<=G$33,G28,G$33))*IF(F28=0,0,IF(F28<=G$36,$E$36,IF(F28<=G$37,$E$37,IF(F28<=G$38,$E$38,0))))*F$34*0.1,0),IF(AND(F28<>"----",F28),((10-G$33)+IF(G28<=G$33,G28,G$33))*IF(F28=0,0,IF(F28<=L$36,$J$36,IF(F28<=L$37,$J$37,IF(F28<=L$38,$J$38,0))))*F$34*0.1,0)) -> 0 | M28: =IF(C28=1,IF(AND(H28<>"----",H28),((10-I$33)+IF(I28<=$I$33,I28,I$33))*IF(H28=0,0,IF(H28<=$H$36,$E$36,IF(H28<=$H$37,$E$36,IF(H28<=$H$38,$E$38,0))))*H$34*0.1,0)+IF(AND(J28<>"----",J28),((10-K$33)+IF(K28<=$I$33,K28,K$33))*IF(J28=0,0,IF(J28<=$H$36,$E$36,IF(J28<=$H$37,$E$36,IF(J28<=$H$38,$E$37,0))))*J$34*0.1,0), IF(AND(H28<>"----",H28),((10-I$33)+IF(I28<=$I$33,I28,I$33))*IF(H28=0,0,IF(H28<=$M$36,$J$36,IF(H28<=$M$37,$J$37,IF(H28<=$M$38,$J$38,0))))*H$34*0.1,0)+IF(AND(J28<>"----",J28),((10-K$33)+IF(K28<=$K$33,K28,K$33))*IF(J28=0,0,IF(J28<=$M$36,$J$36,IF(J28<=$M$37,$J$37,IF(J28<=$M$38,$J$38,0))))*J$34*0.1,0)) -> 0 | N28: =CEILING(SUM(L28:M28)*10/SUM($L$33:$M$33),0.1) -> 0 | S28: =CEILING(SUM(P28:R28)*10/SUM($O$33:$R$33),0.1) -> 0 | AD28: =CEILING(SUM(T28:AC28)*10/SUM($T$33:$AC$33),0.1) -> 0 | AE28: =N28*$N$34+S28*$S$34+AD28*$AD$34 -> 0 | AF28: =ROUND(AE28,0) -> 0
A29: =IF(LEFT($H$1,3)="251",'списки групп'!A29,IF(LEFT($H$1,3)="252",'списки групп'!H29,IF(LEFT($H$1,3)="253",'списки групп'!O29,IF(LEFT($H$1,3)="254",'списки групп'!V29,IF(LEFT($H$1,3)="255",'списки групп'!AC29,IF(LEFT($H$1,3)="256",'списки групп'!AJ29,IF(LEFT($H$1,3)="257",'списки групп'!AR29,IF(LEFT($H$1,3)="258",'списки групп'!AY29,IF(LEFT($H$1,3)="259",'списки групп'!BF29,))))))))) -> 25 | B29: =IF(LEFT($H$1,3)="251",'списки групп'!B29,IF(LEFT($H$1,3)="252",'списки групп'!I29,IF(LEFT($H$1,3)="253",'списки групп'!P29,IF(LEFT($H$1,3)="254",'списки групп'!W29,IF(LEFT($H$1,3)="255",'списки групп'!AD29,IF(LEFT($H$1,3)="256",'списки групп'!AK29,IF(LEFT($H$1,3)="257",'списки групп'!AS29,IF(LEFT($H$1,3)="258",'списки групп'!AZ29,IF(LEFT($H$1,3)="259",'списки групп'!BG29,))))))))) -> 155 | C29: =IF(LEFT($H$1,3)="251",'списки групп'!C29,IF(LEFT($H$1,3)="252",'списки групп'!J29,IF(LEFT($H$1,3)="253",'списки групп'!Q29,IF(LEFT($H$1,3)="254",'списки групп'!X29,IF(LEFT($H$1,3)="255",'списки групп'!AE29,IF(LEFT($H$1,3)="256",'списки групп'!AL29,IF(LEFT($H$1,3)="257",'списки групп'!AT29,IF(LEFT($H$1,3)="258",'списки групп'!BA29,IF(LEFT($H$1,3)="259",'списки групп'!BH29,))))))))) -> 2 | D29: =IF(LEFT($H$1,3)="251",'списки групп'!D29,IF(LEFT($H$1,3)="252",'списки групп'!K29,IF(LEFT($H$1,3)="253",'списки групп'!R29,IF(LEFT($H$1,3)="254",'списки групп'!Y29,IF(LEFT($H$1,3)="255",'списки групп'!AF29,IF(LEFT($H$1,3)="256",'списки групп'!AM29,IF(LEFT($H$1,3)="257",'списки групп'!AU29,IF(LEFT($H$1,3)="258",'списки групп'!BB29,IF(LEFT($H$1,3)="259",'списки групп'!BI29,))))))))) -> Федяков | E29: =IF(LEFT($H$1,3)="251",'списки групп'!E29,IF(LEFT($H$1,3)="252",'списки групп'!L29,IF(LEFT($H$1,3)="253",'списки групп'!S29,IF(LEFT($H$1,3)="254",'списки групп'!Z29,IF(LEFT($H$1,3)="255",'списки групп'!AG29,IF(LEFT($H$1,3)="256",'списки групп'!AN29,IF(LEFT($H$1,3)="257",'списки групп'!AV29,IF(LEFT($H$1,3)="258",'списки групп'!BC29,IF(LEFT($H$1,3)="259",'списки групп'!BJ29,))))))))) -> Кирилл | L29: =IF(C29=1,IF(AND(F29<>"----",F29),((10-G$33)+IF(G29<=G$33,G29,G$33))*IF(F29=0,0,IF(F29<=G$36,$E$36,IF(F29<=G$37,$E$37,IF(F29<=G$38,$E$38,0))))*F$34*0.1,0),IF(AND(F29<>"----",F29),((10-G$33)+IF(G29<=G$33,G29,G$33))*IF(F29=0,0,IF(F29<=L$36,$J$36,IF(F29<=L$37,$J$37,IF(F29<=L$38,$J$38,0))))*F$34*0.1,0)) -> 0 | M29: =IF(C29=1,IF(AND(H29<>"----",H29),((10-I$33)+IF(I29<=$I$33,I29,I$33))*IF(H29=0,0,IF(H29<=$H$36,$E$36,IF(H29<=$H$37,$E$36,IF(H29<=$H$38,$E$38,0))))*H$34*0.1,0)+IF(AND(J29<>"----",J29),((10-K$33)+IF(K29<=$I$33,K29,K$33))*IF(J29=0,0,IF(J29<=$H$36,$E$36,IF(J29<=$H$37,$E$36,IF(J29<=$H$38,$E$37,0))))*J$34*0.1,0), IF(AND(H29<>"----",H29),((10-I$33)+IF(I29<=$I$33,I29,I$33))*IF(H29=0,0,IF(H29<=$M$36,$J$36,IF(H29<=$M$37,$J$37,IF(H29<=$M$38,$J$38,0))))*H$34*0.1,0)+IF(AND(J29<>"----",J29),((10-K$33)+IF(K29<=$K$33,K29,K$33))*IF(J29=0,0,IF(J29<=$M$36,$J$36,IF(J29<=$M$37,$J$37,IF(J29<=$M$38,$J$38,0))))*J$34*0.1,0)) -> 0 | N29: =CEILING(SUM(L29:M29)*10/SUM($L$33:$M$33),0.1) -> 0 | S29: =CEILING(SUM(P29:R29)*10/SUM($O$33:$R$33),0.1) -> 0 | AD29: =CEILING(SUM(T29:AC29)*10/SUM($T$33:$AC$33),0.1) -> 0 | AE29: =N29*$N$34+S29*$S$34+AD29*$AD$34 -> 0 | AF29: =ROUND(AE29,0) -> 0
A30: =IF(LEFT($H$1,3)="251",'списки групп'!A30,IF(LEFT($H$1,3)="252",'списки групп'!H30,IF(LEFT($H$1,3)="253",'списки групп'!O30,IF(LEFT($H$1,3)="254",'списки групп'!V30,IF(LEFT($H$1,3)="255",'списки групп'!AC30,IF(LEFT($H$1,3)="256",'списки групп'!AJ30,IF(LEFT($H$1,3)="257",'списки групп'!AR30,IF(LEFT($H$1,3)="258",'списки групп'!AY30,IF(LEFT($H$1,3)="259",'списки групп'!BF30,))))))))) -> 26 | B30: =IF(LEFT($H$1,3)="251",'списки групп'!B30,IF(LEFT($H$1,3)="252",'списки групп'!I30,IF(LEFT($H$1,3)="253",'списки групп'!P30,IF(LEFT($H$1,3)="254",'списки групп'!W30,IF(LEFT($H$1,3)="255",'списки групп'!AD30,IF(LEFT($H$1,3)="256",'списки групп'!AK30,IF(LEFT($H$1,3)="257",'списки групп'!AS30,IF(LEFT($H$1,3)="258",'списки групп'!AZ30,IF(LEFT($H$1,3)="259",'списки групп'!BG30,))))))))) -> 156 | C30: =IF(LEFT($H$1,3)="251",'списки групп'!C30,IF(LEFT($H$1,3)="252",'списки групп'!J30,IF(LEFT($H$1,3)="253",'списки групп'!Q30,IF(LEFT($H$1,3)="254",'списки групп'!X30,IF(LEFT($H$1,3)="255",'списки групп'!AE30,IF(LEFT($H$1,3)="256",'списки групп'!AL30,IF(LEFT($H$1,3)="257",'списки групп'!AT30,IF(LEFT($H$1,3)="258",'списки групп'!BA30,IF(LEFT($H$1,3)="259",'списки групп'!BH30,))))))))) -> 2 | D30: =IF(LEFT($H$1,3)="251",'списки групп'!D30,IF(LEFT($H$1,3)="252",'списки групп'!K30,IF(LEFT($H$1,3)="253",'списки групп'!R30,IF(LEFT($H$1,3)="254",'списки групп'!Y30,IF(LEFT($H$1,3)="255",'списки групп'!AF30,IF(LEFT($H$1,3)="256",'списки групп'!AM30,IF(LEFT($H$1,3)="257",'списки групп'!AU30,IF(LEFT($H$1,3)="258",'списки групп'!BB30,IF(LEFT($H$1,3)="259",'списки групп'!BI30,))))))))) -> Хитров | E30: =IF(LEFT($H$1,3)="251",'списки групп'!E30,IF(LEFT($H$1,3)="252",'списки групп'!L30,IF(LEFT($H$1,3)="253",'списки групп'!S30,IF(LEFT($H$1,3)="254",'списки групп'!Z30,IF(LEFT($H$1,3)="255",'списки групп'!AG30,IF(LEFT($H$1,3)="256",'списки групп'!AN30,IF(LEFT($H$1,3)="257",'списки групп'!AV30,IF(LEFT($H$1,3)="258",'списки групп'!BC30,IF(LEFT($H$1,3)="259",'списки групп'!BJ30,))))))))) -> Александр | L30: =IF(C30=1,IF(AND(F30<>"----",F30),((10-G$33)+IF(G30<=G$33,G30,G$33))*IF(F30=0,0,IF(F30<=G$36,$E$36,IF(F30<=G$37,$E$37,IF(F30<=G$38,$E$38,0))))*F$34*0.1,0),IF(AND(F30<>"----",F30),((10-G$33)+IF(G30<=G$33,G30,G$33))*IF(F30=0,0,IF(F30<=L$36,$J$36,IF(F30<=L$37,$J$37,IF(F30<=L$38,$J$38,0))))*F$34*0.1,0)) -> 0 | M30: =IF(C30=1,IF(AND(H30<>"----",H30),((10-I$33)+IF(I30<=$I$33,I30,I$33))*IF(H30=0,0,IF(H30<=$H$36,$E$36,IF(H30<=$H$37,$E$36,IF(H30<=$H$38,$E$38,0))))*H$34*0.1,0)+IF(AND(J30<>"----",J30),((10-K$33)+IF(K30<=$I$33,K30,K$33))*IF(J30=0,0,IF(J30<=$H$36,$E$36,IF(J30<=$H$37,$E$36,IF(J30<=$H$38,$E$37,0))))*J$34*0.1,0), IF(AND(H30<>"----",H30),((10-I$33)+IF(I30<=$I$33,I30,I$33))*IF(H30=0,0,IF(H30<=$M$36,$J$36,IF(H30<=$M$37,$J$37,IF(H30<=$M$38,$J$38,0))))*H$34*0.1,0)+IF(AND(J30<>"----",J30),((10-K$33)+IF(K30<=$K$33,K30,K$33))*IF(J30=0,0,IF(J30<=$M$36,$J$36,IF(J30<=$M$37,$J$37,IF(J30<=$M$38,$J$38,0))))*J$34*0.1,0)) -> 0 | N30: =CEILING(SUM(L30:M30)*10/SUM($L$33:$M$33),0.1) -> 0 | S30: =CEILING(SUM(P30:R30)*10/SUM($O$33:$R$33),0.1) -> 0 | AD30: =CEILING(SUM(T30:AC30)*10/SUM($T$33:$AC$33),0.1) -> 0 | AE30: =N30*$N$34+S30*$S$34+AD30*$AD$34 -> 0 | AF30: =ROUND(AE30,0) -> 0
A31: =IF(LEFT($H$1,3)="251",'списки групп'!A31,IF(LEFT($H$1,3)="252",'списки групп'!H31,IF(LEFT($H$1,3)="253",'списки групп'!O31,IF(LEFT($H$1,3)="254",'списки групп'!V31,IF(LEFT($H$1,3)="255",'списки групп'!AC31,IF(LEFT($H$1,3)="256",'списки групп'!AJ31,IF(LEFT($H$1,3)="257",'списки групп'!AR31,IF(LEFT($H$1,3)="258",'списки групп'!AY31,IF(LEFT($H$1,3)="259",'списки групп'!BF31,))))))))) -> 27 | B31: =IF(LEFT($H$1,3)="251",'списки групп'!B31,IF(LEFT($H$1,3)="252",'списки групп'!I31,IF(LEFT($H$1,3)="253",'списки групп'!P31,IF(LEFT($H$1,3)="254",'списки групп'!W31,IF(LEFT($H$1,3)="255",'списки групп'!AD31,IF(LEFT($H$1,3)="256",'списки групп'!AK31,IF(LEFT($H$1,3)="257",'списки групп'!AS31,IF(LEFT($H$1,3)="258",'списки групп'!AZ31,IF(LEFT($H$1,3)="259",'списки групп'!BG31,))))))))) -> 157 | C31: =IF(LEFT($H$1,3)="251",'списки групп'!C31,IF(LEFT($H$1,3)="252",'списки групп'!J31,IF(LEFT($H$1,3)="253",'списки групп'!Q31,IF(LEFT($H$1,3)="254",'списки групп'!X31,IF(LEFT($H$1,3)="255",'списки групп'!AE31,IF(LEFT($H$1,3)="256",'списки групп'!AL31,IF(LEFT($H$1,3)="257",'списки групп'!AT31,IF(LEFT($H$1,3)="258",'списки групп'!BA31,IF(LEFT($H$1,3)="259",'списки групп'!BH31,))))))))) -> 2 | D31: =IF(LEFT($H$1,3)="251",'списки групп'!D31,IF(LEFT($H$1,3)="252",'списки групп'!K31,IF(LEFT($H$1,3)="253",'списки групп'!R31,IF(LEFT($H$1,3)="254",'списки групп'!Y31,IF(LEFT($H$1,3)="255",'списки групп'!AF31,IF(LEFT($H$1,3)="256",'списки групп'!AM31,IF(LEFT($H$1,3)="257",'списки групп'!AU31,IF(LEFT($H$1,3)="258",'списки групп'!BB31,IF(LEFT($H$1,3)="259",'списки групп'!BI31,))))))))) -> Шемет | E31: =IF(LEFT($H$1,3)="251",'списки групп'!E31,IF(LEFT($H$1,3)="252",'списки групп'!L31,IF(LEFT($H$1,3)="253",'списки групп'!S31,IF(LEFT($H$1,3)="254",'списки групп'!Z31,IF(LEFT($H$1,3)="255",'списки групп'!AG31,IF(LEFT($H$1,3)="256",'списки групп'!AN31,IF(LEFT($H$1,3)="257",'списки групп'!AV31,IF(LEFT($H$1,3)="258",'списки групп'!BC31,IF(LEFT($H$1,3)="259",'списки групп'!BJ31,))))))))) -> Владислав | L31: =IF(C31=1,IF(AND(F31<>"----",F31),((10-G$33)+IF(G31<=G$33,G31,G$33))*IF(F31=0,0,IF(F31<=G$36,$E$36,IF(F31<=G$37,$E$37,IF(F31<=G$38,$E$38,0))))*F$34*0.1,0),IF(AND(F31<>"----",F31),((10-G$33)+IF(G31<=G$33,G31,G$33))*IF(F31=0,0,IF(F31<=L$36,$J$36,IF(F31<=L$37,$J$37,IF(F31<=L$38,$J$38,0))))*F$34*0.1,0)) -> 0 | M31: =IF(C31=1,IF(AND(H31<>"----",H31),((10-I$33)+IF(I31<=$I$33,I31,I$33))*IF(H31=0,0,IF(H31<=$H$36,$E$36,IF(H31<=$H$37,$E$36,IF(H31<=$H$38,$E$38,0))))*H$34*0.1,0)+IF(AND(J31<>"----",J31),((10-K$33)+IF(K31<=$I$33,K31,K$33))*IF(J31=0,0,IF(J31<=$H$36,$E$36,IF(J31<=$H$37,$E$36,IF(J31<=$H$38,$E$37,0))))*J$34*0.1,0), IF(AND(H31<>"----",H31),((10-I$33)+IF(I31<=$I$33,I31,I$33))*IF(H31=0,0,IF(H31<=$M$36,$J$36,IF(H31<=$M$37,$J$37,IF(H31<=$M$38,$J$38,0))))*H$34*0.1,0)+IF(AND(J31<>"----",J31),((10-K$33)+IF(K31<=$K$33,K31,K$33))*IF(J31=0,0,IF(J31<=$M$36,$J$36,IF(J31<=$M$37,$J$37,IF(J31<=$M$38,$J$38,0))))*J$34*0.1,0)) -> 0 | N31: =CEILING(SUM(L31:M31)*10/SUM($L$33:$M$33),0.1) -> 0 | S31: =CEILING(SUM(P31:R31)*10/SUM($O$33:$R$33),0.1) -> 0 | AD31: =CEILING(SUM(T31:AC31)*10/SUM($T$33:$AC$33),0.1) -> 0 | AE31: =N31*$N$34+S31*$S$34+AD31*$AD$34 -> 0 | AF31: =ROUND(AE31,0) -> 0
A32: =IF(LEFT($H$1,3)="251",'списки групп'!A32,IF(LEFT($H$1,3)="252",'списки групп'!H32,IF(LEFT($H$1,3)="253",'списки групп'!O32,IF(LEFT($H$1,3)="254",'списки групп'!V32,IF(LEFT($H$1,3)="255",'списки групп'!AC32,IF(LEFT($H$1,3)="256",'списки групп'!AJ32,IF(LEFT($H$1,3)="257",'списки групп'!AR32,IF(LEFT($H$1,3)="258",'списки групп'!AY32,IF(LEFT($H$1,3)="259",'списки групп'!BF32,))))))))) -> 28 | B32: =IF(LEFT($H$1,3)="251",'списки групп'!B32,IF(LEFT($H$1,3)="252",'списки групп'!I32,IF(LEFT($H$1,3)="253",'списки групп'!P32,IF(LEFT($H$1,3)="254",'списки групп'!W32,IF(LEFT($H$1,3)="255",'списки групп'!AD32,IF(LEFT($H$1,3)="256",'списки групп'!AK32,IF(LEFT($H$1,3)="257",'списки групп'!AS32,IF(LEFT($H$1,3)="258",'списки групп'!AZ32,IF(LEFT($H$1,3)="259",'списки групп'!BG32,))))))))) -> 158 | C32: =IF(LEFT($H$1,3)="251",'списки групп'!C32,IF(LEFT($H$1,3)="252",'списки групп'!J32,IF(LEFT($H$1,3)="253",'списки групп'!Q32,IF(LEFT($H$1,3)="254",'списки групп'!X32,IF(LEFT($H$1,3)="255",'списки групп'!AE32,IF(LEFT($H$1,3)="256",'списки групп'!AL32,IF(LEFT($H$1,3)="257",'списки групп'!AT32,IF(LEFT($H$1,3)="258",'списки групп'!BA32,IF(LEFT($H$1,3)="259",'списки групп'!BH32,))))))))) -> 2 | D32: =IF(LEFT($H$1,3)="251",'списки групп'!D32,IF(LEFT($H$1,3)="252",'списки групп'!K32,IF(LEFT($H$1,3)="253",'списки групп'!R32,IF(LEFT($H$1,3)="254",'списки групп'!Y32,IF(LEFT($H$1,3)="255",'списки групп'!AF32,IF(LEFT($H$1,3)="256",'списки групп'!AM32,IF(LEFT($H$1,3)="257",'списки групп'!AU32,IF(LEFT($H$1,3)="258",'списки групп'!BB32,IF(LEFT($H$1,3)="259",'списки групп'!BI32,))))))))) -> Шумак | E32: =IF(LEFT($H$1,3)="251",'списки групп'!E32,IF(LEFT($H$1,3)="252",'списки групп'!L32,IF(LEFT($H$1,3)="253",'списки групп'!S32,IF(LEFT($H$1,3)="254",'списки групп'!Z32,IF(LEFT($H$1,3)="255",'списки групп'!AG32,IF(LEFT($H$1,3)="256",'списки групп'!AN32,IF(LEFT($H$1,3)="257",'списки групп'!AV32,IF(LEFT($H$1,3)="258",'списки групп'!BC32,IF(LEFT($H$1,3)="259",'списки групп'!BJ32,))))))))) -> Максим | L32: =IF(C32=1,IF(AND(F32<>"----",F32),((10-G$33)+IF(G32<=G$33,G32,G$33))*IF(F32=0,0,IF(F32<=G$36,$E$36,IF(F32<=G$37,$E$37,IF(F32<=G$38,$E$38,0))))*F$34*0.1,0),IF(AND(F32<>"----",F32),((10-G$33)+IF(G32<=G$33,G32,G$33))*IF(F32=0,0,IF(F32<=L$36,$J$36,IF(F32<=L$37,$J$37,IF(F32<=L$38,$J$38,0))))*F$34*0.1,0)) -> 0 | M32: =IF(C32=1,IF(AND(H32<>"----",H32),((10-I$33)+IF(I32<=$I$33,I32,I$33))*IF(H32=0,0,IF(H32<=$H$36,$E$36,IF(H32<=$H$37,$E$36,IF(H32<=$H$38,$E$38,0))))*H$34*0.1,0)+IF(AND(J32<>"----",J32),((10-K$33)+IF(K32<=$I$33,K32,K$33))*IF(J32=0,0,IF(J32<=$H$36,$E$36,IF(J32<=$H$37,$E$36,IF(J32<=$H$38,$E$37,0))))*J$34*0.1,0), IF(AND(H32<>"----",H32),((10-I$33)+IF(I32<=$I$33,I32,I$33))*IF(H32=0,0,IF(H32<=$M$36,$J$36,IF(H32<=$M$37,$J$37,IF(H32<=$M$38,$J$38,0))))*H$34*0.1,0)+IF(AND(J32<>"----",J32),((10-K$33)+IF(K32<=$K$33,K32,K$33))*IF(J32=0,0,IF(J32<=$M$36,$J$36,IF(J32<=$M$37,$J$37,IF(J32<=$M$38,$J$38,0))))*J$34*0.1,0)) -> 0 | N32: =CEILING(SUM(L32:M32)*10/SUM($L$33:$M$33),0.1) -> 0 | S32: =CEILING(SUM(P32:R32)*10/SUM($O$33:$R$33),0.1) -> 0 | AD32: =CEILING(SUM(T32:AC32)*10/SUM($T$33:$AC$33),0.1) -> 0 | AE32: =N32*$N$34+S32*$S$34+AD32*$AD$34 -> 0 | AF32: =ROUND(AE32,0) -> 0
D33: максимальный балл | F33: =$G$36 -> 45932 | G33: 10 | H33: =$H$36 -> 45946 | I33: 10 | J33: =$H$36 -> 45946 | K33: 10 | L33: =IF(AND(F33<>"----",F33),((10-G$33)+IF(G33<=G$33,G33,G$33))*IF(F33=0,0,IF(F33<=G$36,$E$36,IF(F33<=G$37,$E$37,IF(F33<=G$38,$E$38,0))))*F$34*0.1,0) -> 3 | M33: =IF(AND(H33<>"----",H33),((10-I$33)+IF(I33<=$I$33,I33,I$33))*IF(H33=0,0,IF(H33<=$H$36,$E$36,IF(H33<=$H$37,$E$37,IF(H33<=$H$38,$E$38,0))))*H$34*0.1,0)+IF(AND(J33<>"----",J33),((10-K$33)+IF(K33<=$I$33,K33,K$33))*IF(J33=0,0,IF(J33<=$H$36,$E$36,IF(J33<=$H$37,$E$37,IF(J33<=$H$38,$E$38,0))))*J$34*0.1,0) -> 4 | N33: =CEILING(SUM(L33:M33)*10/SUM($L$33:$M$33),0.1) -> 10 | O33: 2 | P33: 1 | Q33: 0 | R33: 0 | S33: =CEILING(SUM(O33:R33)*10/SUM($O$33:$R$33),0.1) -> 10 | T33: 0 | U33: 0 | V33: 2 | W33: 3 | X33: 0 | Y33: 0 | Z33: 0 | AA33: 0 | AB33: 0 | AC33: 0 | AD33: =CEILING(SUM(T33:AC33)*10/SUM($T$33:$AC$33),0.1) -> 10 | AE33: =N33*0.7+S33*0.2+AD33*0.1 -> 10 | AF33: =ROUND(AE33,0) -> 10
D34: формулы / вес | F34: 3 | H34: 2 | J34: 2 | L34: =CONCATENATE("( [0..",SUM(F34:I34),"] * 10 / ",SUM($L$33:$M$33)," ) *", ) -> ( [0..5] * 10 / 7 ) * | N34: ='Даты занятий'!C17/10 -> 0.7 | O34: =CONCATENATE("( [0..",SUM(O33:R33),"] * 10 / ",SUM($O$33:$R$33)," ) *", ) -> ( [0..3] * 10 / 3 ) * | S34: ='Даты занятий'!D17/10 -> 0.1 | T34: =CONCATENATE("( [0..",SUM(T33:AC33),"] * 10 / ",SUM($T$33:$AC$33)," ) *", ) -> ( [0..5] * 10 / 5 ) * | AD34: ='Даты занятий'!E17/10 -> 0.2 | AF34: ='Даты занятий'!C18/10 -> 0
D35: В приведённых баллах | F35: =(F34/SUM($F$34:$I$34))*$N$34*10 -> 4.2 | H35: =(H34/SUM($F$34:$I$34))*$N$34*10 -> 2.8 | J35: =(J34/SUM($F$34:$I$34))*$N$34*10 -> 2.8 | L35: =(SUM(F34)/SUM($F$34:$K$34))*$N$34*10 -> 3 | M35: =(SUM(H34:K34)/SUM($F$34:$I$34))*$N$34*10 -> 5.6 | O35: =O33*10/SUM($O$33:$R$33)*$S$34 -> 0.66666667 | P35: =P33*10/SUM($O$33:$R$33)*$S$34 -> 0.33333333 | Q35: =Q33*10/SUM($O$33:$R$33)*$S$34 -> 0 | R35: =R33*10/SUM($O$33:$R$33)*$S$34 -> 0 | T35: =T33*10/SUM($T$33:$AC$33)*$AD$34 -> 0 | U35: =U33*10/SUM($T$33:$AC$33)*$AD$34 -> 0 | V35: =V33*10/SUM($T$33:$AC$33)*$AD$34 -> 0.8 | W35: =W33*10/SUM($T$33:$AC$33)*$AD$34 -> 1.2 | X35: =X33*10/SUM($T$33:$AC$33)*$AD$34 -> 0 | Y35: =Y33*10/SUM($T$33:$AC$33)*$AD$34 -> 0 | Z35: =Z33*10/SUM($T$33:$AC$33)*$AD$34 -> 0 | AA35: =AA33*10/SUM($T$33:$AC$33)*$AD$34 -> 0 | ... AC35: =AC33*10/SUM($T$33:$AC$33)*$AD$34 -> 0
D36: 1 | E36: ='Даты занятий'!C20 -> 1 | G36: =CHOOSE(MATCH(VALUE(LEFT($H$1,3)),'Даты занятий'!$A$1:$A$9),'Даты занятий'!X$1,'Даты занятий'!X$2,'Даты занятий'!X$3,'Даты занятий'!X$4,'Даты занятий'!X$5,'Даты занятий'!X$6,'Даты занятий'!X$7,'Даты занятий'!X$8,'Даты занятий'!X$9) -> 45932 | H36: =CHOOSE(MATCH(VALUE(LEFT($H$1,3)),'Даты занятий'!$A$1:$A$9),'Даты занятий'!Y$1,'Даты занятий'!Y$2,'Даты занятий'!Y$3,'Даты занятий'!Y$4,'Даты занятий'!Y$5, 'Даты занятий'!Y$6, 'Даты занятий'!Y$7, 'Даты занятий'!Y$8, 'Даты занятий'!Y$9) -> 45946 | I36: 2 | J36: ='Даты занятий'!C24 -> 1 | L36: =CHOOSE(MATCH(VALUE(LEFT($H$1,3)),'Даты занятий'!$A$1:$A$9),'Даты занятий'!AE$1,'Даты занятий'!AE$2,'Даты занятий'!AE$3,'Даты занятий'!AE$4,'Даты занятий'!AE$5,'Даты занятий'!AE$6,'Даты занятий'!AE$7,'Даты занятий'!AE$8,'Даты занятий'!AE$9) -> 45932 | M36: =CHOOSE(MATCH(VALUE(LEFT($H$1,3)),'Даты занятий'!$A$1:$A$9),'Даты занятий'!AF$1,'Даты занятий'!AF$2,'Даты занятий'!AF$3,'Даты занятий'!AF$4,'Даты занятий'!AF$5,'Даты занятий'!AF$6,'Даты занятий'!AF$7,'Даты занятий'!AF$8,'Даты занятий'!AF$9) -> 45946 | O36: Кол-во отсутствующих | AE36: =CONCATENATE("Дата окончания ",'Даты занятий'!R14," модуля", ) -> Дата окончания 1 модуля | AF36: ='Даты занятий'!J14 -> 45956
A37: n - Управляющие значения | E37: ='Даты занятий'!C21 -> 0.6 | G37: =CHOOSE(MATCH(VALUE(LEFT($H$1,3)),'Даты занятий'!$A$1:$A$9),'Даты занятий'!Z$1,'Даты занятий'!Z$2,'Даты занятий'!Z$3,'Даты занятий'!Z$4,'Даты занятий'!Z$5, 'Даты занятий'!Z$6, 'Даты занятий'!Z$7, 'Даты занятий'!Z$8, 'Даты занятий'!Z$9) -> 45939 | H37: =CHOOSE(MATCH(VALUE(LEFT($H$1,3)),'Даты занятий'!$A$1:$A$9),'Даты занятий'!AA$1,'Даты занятий'!AA$2,'Даты занятий'!AA$3,'Даты занятий'!AA$4,'Даты занятий'!AA$5, 'Даты занятий'!AA$6, 'Даты занятий'!AA$7, 'Даты занятий'!AA$8, 'Даты занятий'!AA$9) -> ----- | J37: ='Даты занятий'!C25 -> 0.6 | L37: =CHOOSE(MATCH(VALUE(LEFT($H$1,3)),'Даты занятий'!$A$1:$A$9),'Даты занятий'!AG$1,'Даты занятий'!AG$2,'Даты занятий'!AG$3,'Даты занятий'!AG$4,'Даты занятий'!AG$5, 'Даты занятий'!AG$6, 'Даты занятий'!AG$7, 'Даты занятий'!AG$8, 'Даты занятий'!AG$9) -> 45939 | M37: =CHOOSE(MATCH(VALUE(LEFT($H$1,3)),'Даты занятий'!$A$1:$A$9),'Даты занятий'!AH$1,'Даты занятий'!AH$2,'Даты занятий'!AH$3,'Даты занятий'!AH$4,'Даты занятий'!AH$5, 'Даты занятий'!AH$6, 'Даты занятий'!AH$7, 'Даты занятий'!AH$8, 'Даты занятий'!AH$9) -> ----- | O37: На семинарах | T37: На лекциях
E38: ='Даты занятий'!C22 -> 0.4 | G38: =CHOOSE(MATCH(VALUE(LEFT($H$1,3)),'Даты занятий'!$A$1:$A$9),'Даты занятий'!AB$1,'Даты занятий'!AB$2,'Даты занятий'!AB$3,'Даты занятий'!AB$4,'Даты занятий'!AB$5, 'Даты занятий'!AB$6, 'Даты занятий'!AB$7, 'Даты занятий'!AB$8, 'Даты занятий'!AB$9) -> 45946 | H38: =CHOOSE(MATCH(VALUE(LEFT($H$1,3)),'Даты занятий'!$A$1:$A$9),'Даты занятий'!AC$1,'Даты занятий'!AC$2,'Даты занятий'!AC$3,'Даты занятий'!AC$4,'Даты занятий'!AC$5, 'Даты занятий'!AC$6, 'Даты занятий'!AC$7, 'Даты занятий'!AC$8, 'Даты занятий'!AC$9) -> ----- | J38: ='Даты занятий'!C26 -> 0.4 | L38: =CHOOSE(MATCH(VALUE(LEFT($H$1,3)),'Даты занятий'!$A$1:$A$9),'Даты занятий'!AI$1,'Даты занятий'!AI$2,'Даты занятий'!AI$3,'Даты занятий'!AI$4,'Даты занятий'!AI$5, 'Даты занятий'!AI$6, 'Даты занятий'!AI$7, 'Даты занятий'!AI$8, 'Даты занятий'!AI$9) -> 45946 | M38: =CHOOSE(MATCH(VALUE(LEFT($H$1,3)),'Даты занятий'!$A$1:$A$9),'Даты занятий'!AJ$1,'Даты занятий'!AJ$2,'Даты занятий'!AJ$3,'Даты занятий'!AJ$4,'Даты занятий'!AJ$5, 'Даты занятий'!AJ$6, 'Даты занятий'!AJ$7, 'Даты занятий'!AJ$8, 'Даты занятий'!AJ$9) -> ----- | O38: =IF(TODAY()>=O4,COUNTBLANK(P5:P32)+COUNTIF(P5:P32,0),"---") -> 28 | P38: =IF(TODAY()>=P4,COUNTBLANK(#REF!)+COUNTIF(#REF!,0),"---") -> --- | Q38: =IF(TODAY()>=Q4,COUNTBLANK(Q5:Q32)+COUNTIF(Q5:Q32,0),"---") -> --- | R38: =IF(TODAY()>=R4,COUNTBLANK(R5:R32)+COUNTIF(R5:R32,0),"---") -> --- | T38: =IF(TODAY()>=T4,COUNTBLANK(T5:T32)+COUNTIF(T5:T32,0),"---") -> 28 | U38: =IF(TODAY()>=U4,COUNTBLANK(U5:U32)+COUNTIF(U5:U32,0),"---") -> 28 | V38: =IF(TODAY()>=V4,COUNTBLANK(V5:V32)+COUNTIF(V5:V32,0),"---") -> 28 | W38: =IF(TODAY()>=W4,COUNTBLANK(W5:W32)+COUNTIF(W5:W32,0),"---") -> 28 | X38: =IF(TODAY()>=X4,COUNTBLANK(X5:X32)+COUNTIF(X5:X32,0),"---") -> #REF! | Y38: =IF(TODAY()>=Y4,COUNTBLANK(Y5:Y32)+COUNTIF(Y5:Y32,0),"---") -> --- | Z38: =IF(TODAY()>=Z4,COUNTBLANK(Z5:Z32)+COUNTIF(Z5:Z32,0),"---") -> --- | AA38: =IF(TODAY()>=AA4,COUNTBLANK(AA5:AA32)+COUNTIF(AA5:AA32,0),"---") -> --- | ... AC38: =IF(TODAY()>=AC4,COUNTBLANK(AC5:AC32)+COUNTIF(AC5:AC32,0),"---") -> ---
D39: DeadLine 1 подгруппа | I39: DeadLine 2 подгруппа

Sheet 252-БИВ
A1: =CONCATENATE('Даты занятий'!T14," ",'Даты занятий'!R14," модуль ",'Даты занятий'!Z14, ) -> Алгоритмизация и программирование 1 модуль 2025/2026 | H1: =CONCATENATE('Даты занятий'!A2,"-",'Даты занятий'!B2) -> 252-БИВ
A2: № | B2: Вариант | C2: Подгруппа | D2: Фамилия | E2: Имя | F2: =CONCATENATE("лаб ",L4) -> лаб 1 | H2: =CONCATENATE("лаб ",M4) -> лаб 2 | L2: баллы за лаб.раб. | O2: семинары | T2: лекции | AE2: текущ за модуль | AF2: округл за модуль
F3: =CONCATENATE("часть ",IF(F2<>0,1,RIGHT(D3,1)+1)) -> часть 1 | H3: =CONCATENATE("часть ",IF(H2<>0,1,RIGHT(F3,1)+1)) -> часть 1
F4: Дата | G4: Б | H4: Дата | I4: Б | J4: Дата | K4: Б | L4: 1 | M4: =IF(L4=8,1,L4+1) -> 2 | N4: сумма | O4: =IF(LEFT($H$1,3)="251",'Даты занятий'!C$1,IF(LEFT($H$1,3)="252",'Даты занятий'!C$2,IF(LEFT($H$1,3)="253",'Даты занятий'!C$3,IF(LEFT($H$1,3)="254",'Даты занятий'!C$4,IF(LEFT($H$1,3)="255",'Даты занятий'!C$5,IF(LEFT($H$1,3)="256",'Даты занятий'!C$6,IF(LEFT($H$1,3)="257",'Даты занятий'!C$7, IF(LEFT($H$1,3)="258",'Даты занятий'!C$8, IF(LEFT($H$1,3)="259",'Даты занятий'!C$9,"ERR"))))))))) -> 45910 | P4: =IF(LEFT($H$1,3)="251",'Даты занятий'!D$1,IF(LEFT($H$1,3)="252",'Даты занятий'!D$2,IF(LEFT($H$1,3)="253",'Даты занятий'!D$3,IF(LEFT($H$1,3)="254",'Даты занятий'!D$4,IF(LEFT($H$1,3)="255",'Даты занятий'!D$5,IF(LEFT($H$1,3)="256",'Даты занятий'!D$6,IF(LEFT($H$1,3)="257",'Даты занятий'!D$7, IF(LEFT($H$1,3)="258",'Даты занятий'!D$8, IF(LEFT($H$1,3)="259",'Даты занятий'!D$9,"ERR"))))))))) -> 45917 | Q4: =IF(LEFT($H$1,3)="251",'Даты занятий'!E$1,IF(LEFT($H$1,3)="252",'Даты занятий'!E$2,IF(LEFT($H$1,3)="253",'Даты занятий'!E$3,IF(LEFT($H$1,3)="254",'Даты занятий'!E$4,IF(LEFT($H$1,3)="255",'Даты занятий'!E$5,IF(LEFT($H$1,3)="256",'Даты занятий'!E$6,IF(LEFT($H$1,3)="257",'Даты занятий'!E$7, IF(LEFT($H$1,3)="258",'Даты занятий'!E$8, IF(LEFT($H$1,3)="259",'Даты занятий'!E$9,"ERR"))))))))) -> 45924 | R4: =IF(LEFT($H$1,3)="251",'Даты занятий'!F$1,IF(LEFT($H$1,3)="252",'Даты занятий'!F$2,IF(LEFT($H$1,3)="253",'Даты занятий'!F$3,IF(LEFT($H$1,3)="254",'Даты занятий'!F$4,IF(LEFT($H$1,3)="255",'Даты занятий'!F$5,IF(LEFT($H$1,3)="256",'Даты занятий'!F$6,IF(LEFT($H$1,3)="257",'Даты занятий'!F$7, IF(LEFT($H$1,3)="258",'Даты занятий'!F$8, IF(LEFT($H$1,3)="259",'Даты занятий'!F$9,"ERR"))))))))) -> 45931 | S4: сумма | T4: =IF(LEFT($H$1,3)="251",'Даты занятий'!L$1,IF(LEFT($H$1,3)="252",'Даты занятий'!L$2,IF(LEFT($H$1,3)="253",'Даты занятий'!L$3,IF(LEFT($H$1,3)="254",'Даты занятий'!L$4,IF(LEFT($H$1,3)="255",'Даты занятий'!L$5,IF(LEFT($H$1,3)="256",'Даты занятий'!L$6,IF(LEFT($H$1,3)="257",'Даты занятий'!L$7,IF(LEFT($H$1,3)="258",'Даты занятий'!L$8,IF(LEFT($H$1,3)="259",'Даты занятий'!L$9))))))))) -> 45910 | U4: =IF(LEFT($H$1,3)="251",'Даты занятий'!M$1,IF(LEFT($H$1,3)="252",'Даты занятий'!M$2,IF(LEFT($H$1,3)="253",'Даты занятий'!M$3,IF(LEFT($H$1,3)="254",'Даты занятий'!M$4,IF(LEFT($H$1,3)="255",'Даты занятий'!M$5,IF(LEFT($H$1,3)="256",'Даты занятий'!M$6,IF(LEFT($H$1,3)="257",'Даты занятий'!M$7,IF(LEFT($H$1,3)="258",'Даты занятий'!M$8,IF(LEFT($H$1,3)="259",'Даты занятий'!M$9))))))))) -> 45910 | V4: =IF(LEFT($H$1,3)="251",'Даты занятий'!N$1,IF(LEFT($H$1,3)="252",'Даты занятий'!N$2,IF(LEFT($H$1,3)="253",'Даты занятий'!N$3,IF(LEFT($H$1,3)="254",'Даты занятий'!N$4,IF(LEFT($H$1,3)="255",'Даты занятий'!N$5,IF(LEFT($H$1,3)="256",'Даты занятий'!N$6,IF(LEFT($H$1,3)="257",'Даты занятий'!N$7,IF(LEFT($H$1,3)="258",'Даты занятий'!N$8,IF(LEFT($H$1,3)="259",'Даты занятий'!N$9))))))))) -> 45912 | W4: =IF(LEFT($H$1,3)="251",'Даты занятий'!O$1,IF(LEFT($H$1,3)="252",'Даты занятий'!O$2,IF(LEFT($H$1,3)="253",'Даты занятий'!O$3,IF(LEFT($H$1,3)="254",'Даты занятий'!O$4,IF(LEFT($H$1,3)="255",'Даты занятий'!O$5,IF(LEFT($H$1,3)="256",'Даты занятий'!O$6,IF(LEFT($H$1,3)="257",'Даты занятий'!O$7,IF(LEFT($H$1,3)="258",'Даты занятий'!O$8,IF(LEFT($H$1,3)="259",'Даты занятий'!O$9))))))))) -> 45919 | X4: =IF(LEFT($H$1,3)="251",#REF!,IF(LEFT($H$1,3)="252",'Даты занятий'!P$2,IF(LEFT($H$1,3)="253",'Даты занятий'!P$3,IF(LEFT($H$1,3)="254",'Даты занятий'!P$4,IF(LEFT($H$1,3)="255",'Даты занятий'!P$5,IF(LEFT($H$1,3)="256",'Даты занятий'!P$6,IF(LEFT($H$1,3)="257",'Даты занятий'!P$7,IF(LEFT($H$1,3)="258",'Даты занятий'!P$8,IF(LEFT($H$1,3)="259",'Даты занятий'!P$9))))))))) -> 45924 | Y4: =IF(LEFT($H$1,3)="251",'Даты занятий'!P$1,IF(LEFT($H$1,3)="252",'Даты занятий'!Q$2,IF(LEFT($H$1,3)="253",'Даты занятий'!Q$3,IF(LEFT($H$1,3)="254",'Даты занятий'!Q$4,IF(LEFT($H$1,3)="255",'Даты занятий'!Q$5,IF(LEFT($H$1,3)="256",'Даты занятий'!Q$6,IF(LEFT($H$1,3)="257",'Даты занятий'!Q$7,IF(LEFT($H$1,3)="258",'Даты занятий'!Q$8,IF(LEFT($H$1,3)="259",'Даты занятий'!Q$9))))))))) -> 45926 | Z4: =IF(LEFT($H$1,3)="251",'Даты занятий'!Q$1,IF(LEFT($H$1,3)="252",'Даты занятий'!R$2,IF(LEFT($H$1,3)="253",'Даты занятий'!R$3,IF(LEFT($H$1,3)="254",'Даты занятий'!R$4,IF(LEFT($H$1,3)="255",'Даты занятий'!R$5,IF(LEFT($H$1,3)="256",'Даты занятий'!R$6,IF(LEFT($H$1,3)="257",'Даты занятий'!R$7,IF(LEFT($H$1,3)="258",'Даты занятий'!R$8,IF(LEFT($H$1,3)="259",'Даты занятий'!R$9))))))))) -> 45931 | AA4: =IF(LEFT($H$1,3)="251",'Даты занятий'!R$1,IF(LEFT($H$1,3)="252",'Даты занятий'!S$2,IF(LEFT($H$1,3)="253",'Даты занятий'!S$3,IF(LEFT($H$1,3)="254",'Даты занятий'!S$4,IF(LEFT($H$1,3)="255",'Даты занятий'!S$5,IF(LEFT($H$1,3)="256",'Даты занятий'!S$6,IF(LEFT($H$1,3)="257",'Даты занятий'!S$7,IF(LEFT($H$1,3)="258",'Даты занятий'!S$8,IF(LEFT($H$1,3)="259",'Даты занятий'!S$9))))))))) -> 45938 | AB4: =IF(LEFT($H$1,3)="251",'Даты занятий'!S$1,IF(LEFT($H$1,3)="252",'Даты занятий'!T$2,IF(LEFT($H$1,3)="253",'Даты занятий'!T$3,IF(LEFT($H$1,3)="254",'Даты занятий'!T$4,IF(LEFT($H$1,3)="255",'Даты занятий'!T$5,IF(LEFT($H$1,3)="256",'Даты занятий'!T$6,IF(LEFT($H$1,3)="257",'Даты занятий'!T$7,IF(LEFT($H$1,3)="258",'Даты занятий'!T$8,IF(LEFT($H$1,3)="259",'Даты занятий'!T$9))))))))) -> 45940 | AC4: =IF(LEFT($H$1,3)="251",'Даты занятий'!U$1,IF(LEFT($H$1,3)="252",'Даты занятий'!U$2,IF(LEFT($H$1,3)="253",'Даты занятий'!U$3,IF(LEFT($H$1,3)="254",'Даты занятий'!U$4,IF(LEFT($H$1,3)="255",'Даты занятий'!U$5,IF(LEFT($H$1,3)="256",'Даты занятий'!U$6,IF(LEFT($H$1,3)="257",'Даты занятий'!U$7,IF(LEFT($H$1,3)="258",'Даты занятий'!U$8,IF(LEFT($H$1,3)="259",'Даты занятий'!U$9))))))))) -> 45945 | AD4: сумма
A5: =IF(LEFT($H$1,3)="251",'списки групп'!A5,IF(LEFT($H$1,3)="252",'списки групп'!H5,IF(LEFT($H$1,3)="253",'списки групп'!O5,IF(LEFT($H$1,3)="254",'списки групп'!V5,IF(LEFT($H$1,3)="255",'списки групп'!AC5,IF(LEFT($H$1,3)="256",'списки групп'!AJ5,IF(LEFT($H$1,3)="257",'списки групп'!AR5, IF(LEFT($H$1,3)="258",'списки групп'!AY5, IF(LEFT($H$1,3)="259",'списки групп'!BF5,))))))))) -> 1 | B5: =IF(LEFT($H$1,3)="251",'списки групп'!B5,IF(LEFT($H$1,3)="252",'списки групп'!I5,IF(LEFT($H$1,3)="253",'списки групп'!P5,IF(LEFT($H$1,3)="254",'списки групп'!W5,IF(LEFT($H$1,3)="255",'списки групп'!AD5,IF(LEFT($H$1,3)="256",'списки групп'!AK5,IF(LEFT($H$1,3)="257",'списки групп'!AS5, IF(LEFT($H$1,3)="258",'списки групп'!AZ5, IF(LEFT($H$1,3)="259",'списки групп'!BG5,))))))))) -> 171 | C5: =IF(LEFT($H$1,3)="251",'списки групп'!C5,IF(LEFT($H$1,3)="252",'списки групп'!J5,IF(LEFT($H$1,3)="253",'списки групп'!Q5,IF(LEFT($H$1,3)="254",'списки групп'!X5,IF(LEFT($H$1,3)="255",'списки групп'!AE5,IF(LEFT($H$1,3)="256",'списки групп'!AL5,IF(LEFT($H$1,3)="257",'списки групп'!AT5, IF(LEFT($H$1,3)="258",'списки групп'!BA5, IF(LEFT($H$1,3)="259",'списки групп'!BH5,))))))))) -> 1 | D5: =IF(LEFT($H$1,3)="251",'списки групп'!D5,IF(LEFT($H$1,3)="252",'списки групп'!K5,IF(LEFT($H$1,3)="253",'списки групп'!R5,IF(LEFT($H$1,3)="254",'списки групп'!Y5,IF(LEFT($H$1,3)="255",'списки групп'!AF5,IF(LEFT($H$1,3)="256",'списки групп'!AM5,IF(LEFT($H$1,3)="257",'списки групп'!AU5, IF(LEFT($H$1,3)="258",'списки групп'!BB5, IF(LEFT($H$1,3)="259",'списки групп'!BI5,))))))))) -> Баранова | E5: =IF(LEFT($H$1,3)="251",'списки групп'!E5,IF(LEFT($H$1,3)="252",'списки групп'!L5,IF(LEFT($H$1,3)="253",'списки групп'!S5,IF(LEFT($H$1,3)="254",'списки групп'!Z5,IF(LEFT($H$1,3)="255",'списки групп'!AG5,IF(LEFT($H$1,3)="256",'списки групп'!AN5,IF(LEFT($H$1,3)="257",'списки групп'!AV5, IF(LEFT($H$1,3)="258",'списки групп'!BC5, IF(LEFT($H$1,3)="259",'списки групп'!BJ5,))))))))) -> Мария | L5: =IF(C5=1,IF(AND(F5<>"----",F5),((10-G$35)+IF(G5<=G$35,G5,G$35))*IF(F5=0,0,IF(F5<=G$38,$E$38,IF(F5<=G$39,$E$39,IF(F5<=G$40,$E$40,0))))*F$36*0.1,0),IF(AND(F5<>"----",F5),((10-G$35)+IF(G5<=G$35,G5,G$35))*IF(F5=0,0,IF(F5<=L$38,$J$38,IF(F5<=L$39,$J$39,IF(F5<=L$40,$J$40,0))))*F$36*0.1,0)) -> 0 | M5: =IF(C5=1,IF(AND(H5<>"----",H5),((10-I$35)+IF(I5<=$I$35,I5,I$35))*IF(H5=0,0,IF(H5<=$H$38,$E$38,IF(H5<=$H$39,$E$38,IF(H5<=$H$40,$E$40,0))))*H$36*0.1,0)+IF(AND(J5<>"----",J5),((10-K$35)+IF(K5<=$I$35,K5,K$35))*IF(J5=0,0,IF(J5<=$H$38,$E$38,IF(J5<=$H$39,$E$38,IF(J5<=$H$40,$E$39,0))))*J$36*0.1,0), IF(AND(H5<>"----",H5),((10-I$35)+IF(I5<=$I$35,I5,I$35))*IF(H5=0,0,IF(H5<=$M$38,$J$38,IF(H5<=$M$39,$J$39,IF(H5<=$M$40,$J$40,0))))*H$36*0.1,0)+IF(AND(J5<>"----",J5),((10-K$35)+IF(K5<=$K$35,K5,K$35))*IF(J5=0,0,IF(J5<=$M$38,$J$38,IF(J5<=$M$39,$J$39,IF(J5<=$M$40,$J$40,0))))*J$36*0.1,0)) -> 0 | N5: =CEILING(SUM(L5:M5)*10/SUM($L$35:$M$35),0.1) -> 0 | S5: =CEILING(SUM(P5:R5)*10/SUM($O$35:$R$35),0.1) -> 0 | AD5: =CEILING(SUM(T5:AC5)*10/SUM($T$35:$AC$35),0.1) -> 0 | AE5: =N5*$N$36+S5*$S$36+AD5*$AD$36 -> 0 | AF5: =ROUND(AE5,0) -> 0
A6: =IF(LEFT($H$1,3)="251",'списки групп'!A6,IF(LEFT($H$1,3)="252",'списки групп'!H6,IF(LEFT($H$1,3)="253",'списки групп'!O6,IF(LEFT($H$1,3)="254",'списки групп'!V6,IF(LEFT($H$1,3)="255",'списки групп'!AC6,IF(LEFT($H$1,3)="256",'списки групп'!AJ6,IF(LEFT($H$1,3)="257",'списки групп'!AR6,IF(LEFT($H$1,3)="258",'списки групп'!AY6,IF(LEFT($H$1,3)="259",'списки групп'!BF6,))))))))) -> 2 | B6: =IF(LEFT($H$1,3)="251",'списки групп'!B6,IF(LEFT($H$1,3)="252",'списки групп'!I6,IF(LEFT($H$1,3)="253",'списки групп'!P6,IF(LEFT($H$1,3)="254",'списки групп'!W6,IF(LEFT($H$1,3)="255",'списки групп'!AD6,IF(LEFT($H$1,3)="256",'списки групп'!AK6,IF(LEFT($H$1,3)="257",'списки групп'!AS6,IF(LEFT($H$1,3)="258",'списки групп'!AZ6,IF(LEFT($H$1,3)="259",'списки групп'!BG6,))))))))) -> 172 | C6: =IF(LEFT($H$1,3)="251",'списки групп'!C6,IF(LEFT($H$1,3)="252",'списки групп'!J6,IF(LEFT($H$1,3)="253",'списки групп'!Q6,IF(LEFT($H$1,3)="254",'списки групп'!X6,IF(LEFT($H$1,3)="255",'списки групп'!AE6,IF(LEFT($H$1,3)="256",'списки групп'!AL6,IF(LEFT($H$1,3)="257",'списки групп'!AT6,IF(LEFT($H$1,3)="258",'списки групп'!BA6,IF(LEFT($H$1,3)="259",'списки групп'!BH6,))))))))) -> 1 | D6: =IF(LEFT($H$1,3)="251",'списки групп'!D6,IF(LEFT($H$1,3)="252",'списки групп'!K6,IF(LEFT($H$1,3)="253",'списки групп'!R6,IF(LEFT($H$1,3)="254",'списки групп'!Y6,IF(LEFT($H$1,3)="255",'списки групп'!AF6,IF(LEFT($H$1,3)="256",'списки групп'!AM6,IF(LEFT($H$1,3)="257",'списки групп'!AU6,IF(LEFT($H$1,3)="258",'списки групп'!BB6,IF(LEFT($H$1,3)="259",'списки групп'!BI6,))))))))) -> Васина | E6: =IF(LEFT($H$1,3)="251",'списки групп'!E6,IF(LEFT($H$1,3)="252",'списки групп'!L6,IF(LEFT($H$1,3)="253",'списки групп'!S6,IF(LEFT($H$1,3)="254",'списки групп'!Z6,IF(LEFT($H$1,3)="255",'списки групп'!AG6,IF(LEFT($H$1,3)="256",'списки групп'!AN6,IF(LEFT($H$1,3)="257",'списки групп'!AV6,IF(LEFT($H$1,3)="258",'списки групп'!BC6,IF(LEFT($H$1,3)="259",'списки групп'!BJ6,))))))))) -> Наталья | L6: =IF(C6=1,IF(AND(F6<>"----",F6),((10-G$35)+IF(G6<=G$35,G6,G$35))*IF(F6=0,0,IF(F6<=G$38,$E$38,IF(F6<=G$39,$E$39,IF(F6<=G$40,$E$40,0))))*F$36*0.1,0),IF(AND(F6<>"----",F6),((10-G$35)+IF(G6<=G$35,G6,G$35))*IF(F6=0,0,IF(F6<=L$38,$J$38,IF(F6<=L$39,$J$39,IF(F6<=L$40,$J$40,0))))*F$36*0.1,0)) -> 0 | M6: =IF(C6=1,IF(AND(H6<>"----",H6),((10-I$35)+IF(I6<=$I$35,I6,I$35))*IF(H6=0,0,IF(H6<=$H$38,$E$38,IF(H6<=$H$39,$E$38,IF(H6<=$H$40,$E$40,0))))*H$36*0.1,0)+IF(AND(J6<>"----",J6),((10-K$35)+IF(K6<=$I$35,K6,K$35))*IF(J6=0,0,IF(J6<=$H$38,$E$38,IF(J6<=$H$39,$E$38,IF(J6<=$H$40,$E$39,0))))*J$36*0.1,0), IF(AND(H6<>"----",H6),((10-I$35)+IF(I6<=$I$35,I6,I$35))*IF(H6=0,0,IF(H6<=$M$38,$J$38,IF(H6<=$M$39,$J$39,IF(H6<=$M$40,$J$40,0))))*H$36*0.1,0)+IF(AND(J6<>"----",J6),((10-K$35)+IF(K6<=$K$35,K6,K$35))*IF(J6=0,0,IF(J6<=$M$38,$J$38,IF(J6<=$M$39,$J$39,IF(J6<=$M$40,$J$40,0))))*J$36*0.1,0)) -> 0 | N6: =CEILING(SUM(L6:M6)*10/SUM($L$35:$M$35),0.1) -> 0 | S6: =CEILING(SUM(P6:R6)*10/SUM($O$35:$R$35),0.1) -> 0 | AD6: =CEILING(SUM(T6:AC6)*10/SUM($T$35:$AC$35),0.1) -> 0 | AE6: =N6*$N$36+S6*$S$36+AD6*$AD$36 -> 0 | AF6: =ROUND(AE6,0) -> 0
A7: =IF(LEFT($H$1,3)="251",'списки групп'!A7,IF(LEFT($H$1,3)="252",'списки групп'!H7,IF(LEFT($H$1,3)="253",'списки групп'!O7,IF(LEFT($H$1,3)="254",'списки групп'!V7,IF(LEFT($H$1,3)="255",'списки групп'!AC7,IF(LEFT($H$1,3)="256",'списки групп'!AJ7,IF(LEFT($H$1,3)="257",'списки групп'!AR7,IF(LEFT($H$1,3)="258",'списки групп'!AY7,IF(LEFT($H$1,3)="259",'списки групп'!BF7,))))))))) -> 3 | B7: =IF(LEFT($H$1,3)="251",'списки групп'!B7,IF(LEFT($H$1,3)="252",'списки групп'!I7,IF(LEFT($H$1,3)="253",'списки групп'!P7,IF(LEFT($H$1,3)="254",'списки групп'!W7,IF(LEFT($H$1,3)="255",'списки групп'!AD7,IF(LEFT($H$1,3)="256",'списки групп'!AK7,IF(LEFT($H$1,3)="257",'списки групп'!AS7,IF(LEFT($H$1,3)="258",'списки групп'!AZ7,IF(LEFT($H$1,3)="259",'списки групп'!BG7,))))))))) -> 173 | C7: =IF(LEFT($H$1,3)="251",'списки групп'!C7,IF(LEFT($H$1,3)="252",'списки групп'!J7,IF(LEFT($H$1,3)="253",'списки групп'!Q7,IF(LEFT($H$1,3)="254",'списки групп'!X7,IF(LEFT($H$1,3)="255",'списки групп'!AE7,IF(LEFT($H$1,3)="256",'списки групп'!AL7,IF(LEFT($H$1,3)="257",'списки групп'!AT7,IF(LEFT($H$1,3)="258",'списки групп'!BA7,IF(LEFT($H$1,3)="259",'списки групп'!BH7,))))))))) -> 1 | D7: =IF(LEFT($H$1,3)="251",'списки групп'!D7,IF(LEFT($H$1,3)="252",'списки групп'!K7,IF(LEFT($H$1,3)="253",'списки групп'!R7,IF(LEFT($H$1,3)="254",'списки групп'!Y7,IF(LEFT($H$1,3)="255",'списки групп'!AF7,IF(LEFT($H$1,3)="256",'списки групп'!AM7,IF(LEFT($H$1,3)="257",'списки групп'!AU7,IF(LEFT($H$1,3)="258",'списки групп'!BB7,IF(LEFT($H$1,3)="259",'списки групп'!BI7,))))))))) -> Воробьев | E7: =IF(LEFT($H$1,3)="251",'списки групп'!E7,IF(LEFT($H$1,3)="252",'списки групп'!L7,IF(LEFT($H$1,3)="253",'списки групп'!S7,IF(LEFT($H$1,3)="254",'списки групп'!Z7,IF(LEFT($H$1,3)="255",'списки групп'!AG7,IF(LEFT($H$1,3)="256",'списки групп'!AN7,IF(LEFT($H$1,3)="257",'списки групп'!AV7,IF(LEFT($H$1,3)="258",'списки групп'!BC7,IF(LEFT($H$1,3)="259",'списки групп'!BJ7,))))))))) -> Леонид | L7: =IF(C7=1,IF(AND(F7<>"----",F7),((10-G$35)+IF(G7<=G$35,G7,G$35))*IF(F7=0,0,IF(F7<=G$38,$E$38,IF(F7<=G$39,$E$39,IF(F7<=G$40,$E$40,0))))*F$36*0.1,0),IF(AND(F7<>"----",F7),((10-G$35)+IF(G7<=G$35,G7,G$35))*IF(F7=0,0,IF(F7<=L$38,$J$38,IF(F7<=L$39,$J$39,IF(F7<=L$40,$J$40,0))))*F$36*0.1,0)) -> 0 | M7: =IF(C7=1,IF(AND(H7<>"----",H7),((10-I$35)+IF(I7<=$I$35,I7,I$35))*IF(H7=0,0,IF(H7<=$H$38,$E$38,IF(H7<=$H$39,$E$38,IF(H7<=$H$40,$E$40,0))))*H$36*0.1,0)+IF(AND(J7<>"----",J7),((10-K$35)+IF(K7<=$I$35,K7,K$35))*IF(J7=0,0,IF(J7<=$H$38,$E$38,IF(J7<=$H$39,$E$38,IF(J7<=$H$40,$E$39,0))))*J$36*0.1,0), IF(AND(H7<>"----",H7),((10-I$35)+IF(I7<=$I$35,I7,I$35))*IF(H7=0,0,IF(H7<=$M$38,$J$38,IF(H7<=$M$39,$J$39,IF(H7<=$M$40,$J$40,0))))*H$36*0.1,0)+IF(AND(J7<>"----",J7),((10-K$35)+IF(K7<=$K$35,K7,K$35))*IF(J7=0,0,IF(J7<=$M$38,$J$38,IF(J7<=$M$39,$J$39,IF(J7<=$M$40,$J$40,0))))*J$36*0.1,0)) -> 0 | N7: =CEILING(SUM(L7:M7)*10/SUM($L$35:$M$35),0.1) -> 0 | S7: =CEILING(SUM(P7:R7)*10/SUM($O$35:$R$35),0.1) -> 0 | AD7: =CEILING(SUM(T7:AC7)*10/SUM($T$35:$AC$35),0.1) -> 0 | AE7: =N7*$N$36+S7*$S$36+AD7*$AD$36 -> 0 | AF7: =ROUND(AE7,0) -> 0
A8: =IF(LEFT($H$1,3)="251",'списки групп'!A8,IF(LEFT($H$1,3)="252",'списки групп'!H8,IF(LEFT($H$1,3)="253",'списки групп'!O8,IF(LEFT($H$1,3)="254",'списки групп'!V8,IF(LEFT($H$1,3)="255",'списки групп'!AC8,IF(LEFT($H$1,3)="256",'списки групп'!AJ8,IF(LEFT($H$1,3)="257",'списки групп'!AR8,IF(LEFT($H$1,3)="258",'списки групп'!AY8,IF(LEFT($H$1,3)="259",'списки групп'!BF8,))))))))) -> 4 | B8: =IF(LEFT($H$1,3)="251",'списки групп'!B8,IF(LEFT($H$1,3)="252",'списки групп'!I8,IF(LEFT($H$1,3)="253",'списки групп'!P8,IF(LEFT($H$1,3)="254",'списки групп'!W8,IF(LEFT($H$1,3)="255",'списки групп'!AD8,IF(LEFT($H$1,3)="256",'списки групп'!AK8,IF(LEFT($H$1,3)="257",'списки групп'!AS8,IF(LEFT($H$1,3)="258",'списки групп'!AZ8,IF(LEFT($H$1,3)="259",'списки групп'!BG8,))))))))) -> 174 | C8: =IF(LEFT($H$1,3)="251",'списки групп'!C8,IF(LEFT($H$1,3)="252",'списки групп'!J8,IF(LEFT($H$1,3)="253",'списки групп'!Q8,IF(LEFT($H$1,3)="254",'списки групп'!X8,IF(LEFT($H$1,3)="255",'списки групп'!AE8,IF(LEFT($H$1,3)="256",'списки групп'!AL8,IF(LEFT($H$1,3)="257",'списки групп'!AT8,IF(LEFT($H$1,3)="258",'списки групп'!BA8,IF(LEFT($H$1,3)="259",'списки групп'!BH8,))))))))) -> 1 | D8: =IF(LEFT($H$1,3)="251",'списки групп'!D8,IF(LEFT($H$1,3)="252",'списки групп'!K8,IF(LEFT($H$1,3)="253",'списки групп'!R8,IF(LEFT($H$1,3)="254",'списки групп'!Y8,IF(LEFT($H$1,3)="255",'списки групп'!AF8,IF(LEFT($H$1,3)="256",'списки групп'!AM8,IF(LEFT($H$1,3)="257",'списки групп'!AU8,IF(LEFT($H$1,3)="258",'списки групп'!BB8,IF(LEFT($H$1,3)="259",'списки групп'!BI8,))))))))) -> Галкин | E8: =IF(LEFT($H$1,3)="251",'списки групп'!E8,IF(LEFT($H$1,3)="252",'списки групп'!L8,IF(LEFT($H$1,3)="253",'списки групп'!S8,IF(LEFT($H$1,3)="254",'списки групп'!Z8,IF(LEFT($H$1,3)="255",'списки групп'!AG8,IF(LEFT($H$1,3)="256",'списки групп'!AN8,IF(LEFT($H$1,3)="257",'списки групп'!AV8,IF(LEFT($H$1,3)="258",'списки групп'!BC8,IF(LEFT($H$1,3)="259",'списки групп'!BJ8,))))))))) -> Михаил | F8: 45919 | G8: 10 | L8: =IF(C8=1,IF(AND(F8<>"----",F8),((10-G$35)+IF(G8<=G$35,G8,G$35))*IF(F8=0,0,IF(F8<=G$38,$E$38,IF(F8<=G$39,$E$39,IF(F8<=G$40,$E$40,0))))*F$36*0.1,0),IF(AND(F8<>"----",F8),((10-G$35)+IF(G8<=G$35,G8,G$35))*IF(F8=0,0,IF(F8<=L$38,$J$38,IF(F8<=L$39,$J$39,IF(F8<=L$40,$J$40,0))))*F$36*0.1,0)) -> 3 | M8: =IF(C8=1,IF(AND(H8<>"----",H8),((10-I$35)+IF(I8<=$I$35,I8,I$35))*IF(H8=0,0,IF(H8<=$H$38,$E$38,IF(H8<=$H$39,$E$38,IF(H8<=$H$40,$E$40,0))))*H$36*0.1,0)+IF(AND(J8<>"----",J8),((10-K$35)+IF(K8<=$I$35,K8,K$35))*IF(J8=0,0,IF(J8<=$H$38,$E$38,IF(J8<=$H$39,$E$38,IF(J8<=$H$40,$E$39,0))))*J$36*0.1,0), IF(AND(H8<>"----",H8),((10-I$35)+IF(I8<=$I$35,I8,I$35))*IF(H8=0,0,IF(H8<=$M$38,$J$38,IF(H8<=$M$39,$J$39,IF(H8<=$M$40,$J$40,0))))*H$36*0.1,0)+IF(AND(J8<>"----",J8),((10-K$35)+IF(K8<=$K$35,K8,K$35))*IF(J8=0,0,IF(J8<=$M$38,$J$38,IF(J8<=$M$39,$J$39,IF(J8<=$M$40,$J$40,0))))*J$36*0.1,0)) -> 0 | N8: =CEILING(SUM(L8:M8)*10/SUM($L$35:$M$35),0.1) -> 4.3 | O8: 2 | P8: 2 | S8: =CEILING(SUM(P8:R8)*10/SUM($O$35:$R$35),0.1) -> 6.7 | AD8: =CEILING(SUM(T8:AC8)*10/SUM($T$35:$AC$35),0.1) -> 0 | AE8: =N8*$N$36+S8*$S$36+AD8*$AD$36 -> 3.68 | AF8: =ROUND(AE8,0) -> 4
A9: =IF(LEFT($H$1,3)="251",'списки групп'!A9,IF(LEFT($H$1,3)="252",'списки групп'!H9,IF(LEFT($H$1,3)="253",'списки групп'!O9,IF(LEFT($H$1,3)="254",'списки групп'!V9,IF(LEFT($H$1,3)="255",'списки групп'!AC9,IF(LEFT($H$1,3)="256",'списки групп'!AJ9,IF(LEFT($H$1,3)="257",'списки групп'!AR9,IF(LEFT($H$1,3)="258",'списки групп'!AY9,IF(LEFT($H$1,3)="259",'списки групп'!BF9,))))))))) -> 5 | B9: =IF(LEFT($H$1,3)="251",'списки групп'!B9,IF(LEFT($H$1,3)="252",'списки групп'!I9,IF(LEFT($H$1,3)="253",'списки групп'!P9,IF(LEFT($H$1,3)="254",'списки групп'!W9,IF(LEFT($H$1,3)="255",'списки групп'!AD9,IF(LEFT($H$1,3)="256",'списки групп'!AK9,IF(LEFT($H$1,3)="257",'списки групп'!AS9,IF(LEFT($H$1,3)="258",'списки групп'!AZ9,IF(LEFT($H$1,3)="259",'списки групп'!BG9,))))))))) -> 175 | C9: =IF(LEFT($H$1,3)="251",'списки групп'!C9,IF(LEFT($H$1,3)="252",'списки групп'!J9,IF(LEFT($H$1,3)="253",'списки групп'!Q9,IF(LEFT($H$1,3)="254",'списки групп'!X9,IF(LEFT($H$1,3)="255",'списки групп'!AE9,IF(LEFT($H$1,3)="256",'списки групп'!AL9,IF(LEFT($H$1,3)="257",'списки групп'!AT9,IF(LEFT($H$1,3)="258",'списки групп'!BA9,IF(LEFT($H$1,3)="259",'списки групп'!BH9,))))))))) -> 1 | D9: =IF(LEFT($H$1,3)="251",'списки групп'!D9,IF(LEFT($H$1,3)="252",'списки групп'!K9,IF(LEFT($H$1,3)="253",'списки групп'!R9,IF(LEFT($H$1,3)="254",'списки групп'!Y9,IF(LEFT($H$1,3)="255",'списки групп'!AF9,IF(LEFT($H$1,3)="256",'списки групп'!AM9,IF(LEFT($H$1,3)="257",'списки групп'!AU9,IF(LEFT($H$1,3)="258",'списки групп'!BB9,IF(LEFT($H$1,3)="259",'списки групп'!BI9,))))))))) -> Демина | E9: =IF(LEFT($H$1,3)="251",'списки групп'!E9,IF(LEFT($H$1,3)="252",'списки групп'!L9,IF(LEFT($H$1,3)="253",'списки групп'!S9,IF(LEFT($H$1,3)="254",'списки групп'!Z9,IF(LEFT($H$1,3)="255",'списки групп'!AG9,IF(LEFT($H$1,3)="256",'списки групп'!AN9,IF(LEFT($H$1,3)="257",'списки групп'!AV9,IF(LEFT($H$1,3)="258",'списки групп'!BC9,IF(LEFT($H$1,3)="259",'списки групп'!BJ9,))))))))) -> Анна | L9: =IF(C9=1,IF(AND(F9<>"----",F9),((10-G$35)+IF(G9<=G$35,G9,G$35))*IF(F9=0,0,IF(F9<=G$38,$E$38,IF(F9<=G$39,$E$39,IF(F9<=G$40,$E$40,0))))*F$36*0.1,0),IF(AND(F9<>"----",F9),((10-G$35)+IF(G9<=G$35,G9,G$35))*IF(F9=0,0,IF(F9<=L$38,$J$38,IF(F9<=L$39,$J$39,IF(F9<=L$40,$J$40,0))))*F$36*0.1,0)) -> 0 | M9: =IF(C9=1,IF(AND(H9<>"----",H9),((10-I$35)+IF(I9<=$I$35,I9,I$35))*IF(H9=0,0,IF(H9<=$H$38,$E$38,IF(H9<=$H$39,$E$38,IF(H9<=$H$40,$E$40,0))))*H$36*0.1,0)+IF(AND(J9<>"----",J9),((10-K$35)+IF(K9<=$I$35,K9,K$35))*IF(J9=0,0,IF(J9<=$H$38,$E$38,IF(J9<=$H$39,$E$38,IF(J9<=$H$40,$E$39,0))))*J$36*0.1,0), IF(AND(H9<>"----",H9),((10-I$35)+IF(I9<=$I$35,I9,I$35))*IF(H9=0,0,IF(H9<=$M$38,$J$38,IF(H9<=$M$39,$J$39,IF(H9<=$M$40,$J$40,0))))*H$36*0.1,0)+IF(AND(J9<>"----",J9),((10-K$35)+IF(K9<=$K$35,K9,K$35))*IF(J9=0,0,IF(J9<=$M$38,$J$38,IF(J9<=$M$39,$J$39,IF(J9<=$M$40,$J$40,0))))*J$36*0.1,0)) -> 0 | N9: =CEILING(SUM(L9:M9)*10/SUM($L$35:$M$35),0.1) -> 0 | S9: =CEILING(SUM(P9:R9)*10/SUM($O$35:$R$35),0.1) -> 0 | AD9: =CEILING(SUM(T9:AC9)*10/SUM($T$35:$AC$35),0.1) -> 0 | AE9: =N9*$N$36+S9*$S$36+AD9*$AD$36 -> 0 | AF9: =ROUND(AE9,0) -> 0
A10: =IF(LEFT($H$1,3)="251",'списки групп'!A10,IF(LEFT($H$1,3)="252",'списки групп'!H10,IF(LEFT($H$1,3)="253",'списки групп'!O10,IF(LEFT($H$1,3)="254",'списки групп'!V10,IF(LEFT($H$1,3)="255",'списки групп'!AC10,IF(LEFT($H$1,3)="256",'списки групп'!AJ10,IF(LEFT($H$1,3)="257",'списки групп'!AR10, IF(LEFT($H$1,3)="258",'списки групп'!AY10, IF(LEFT($H$1,3)="259",'списки групп'!BF10,))))))))) -> 6 | B10: =IF(LEFT($H$1,3)="251",'списки групп'!B10,IF(LEFT($H$1,3)="252",'списки групп'!I10,IF(LEFT($H$1,3)="253",'списки групп'!P10,IF(LEFT($H$1,3)="254",'списки групп'!W10,IF(LEFT($H$1,3)="255",'списки групп'!AD10,IF(LEFT($H$1,3)="256",'списки групп'!AK10,IF(LEFT($H$1,3)="257",'списки групп'!AS10, IF(LEFT($H$1,3)="258",'списки групп'!AZ10, IF(LEFT($H$1,3)="259",'списки групп'!BG10,))))))))) -> 176 | C10: =IF(LEFT($H$1,3)="251",'списки групп'!C10,IF(LEFT($H$1,3)="252",'списки групп'!J10,IF(LEFT($H$1,3)="253",'списки групп'!Q10,IF(LEFT($H$1,3)="254",'списки групп'!X10,IF(LEFT($H$1,3)="255",'списки групп'!AE10,IF(LEFT($H$1,3)="256",'списки групп'!AL10,IF(LEFT($H$1,3)="257",'списки групп'!AT10, IF(LEFT($H$1,3)="258",'списки групп'!BA10, IF(LEFT($H$1,3)="259",'списки групп'!BH10,))))))))) -> 1 | D10: =IF(LEFT($H$1,3)="251",'списки групп'!D10,IF(LEFT($H$1,3)="252",'списки групп'!K10,IF(LEFT($H$1,3)="253",'списки групп'!R10,IF(LEFT($H$1,3)="254",'списки групп'!Y10,IF(LEFT($H$1,3)="255",'списки групп'!AF10,IF(LEFT($H$1,3)="256",'списки групп'!AM10,IF(LEFT($H$1,3)="257",'списки групп'!AU10, IF(LEFT($H$1,3)="258",'списки групп'!BB10, IF(LEFT($H$1,3)="259",'списки групп'!BI10,))))))))) -> Егорычев | E10: =IF(LEFT($H$1,3)="251",'списки групп'!E10,IF(LEFT($H$1,3)="252",'списки групп'!L10,IF(LEFT($H$1,3)="253",'списки групп'!S10,IF(LEFT($H$1,3)="254",'списки групп'!Z10,IF(LEFT($H$1,3)="255",'списки групп'!AG10,IF(LEFT($H$1,3)="256",'списки групп'!AN10,IF(LEFT($H$1,3)="257",'списки групп'!AV10, IF(LEFT($H$1,3)="258",'списки групп'!BC10, IF(LEFT($H$1,3)="259",'списки групп'!BJ10,))))))))) -> Даниил | L10: =IF(C10=1,IF(AND(F10<>"----",F10),((10-G$35)+IF(G10<=G$35,G10,G$35))*IF(F10=0,0,IF(F10<=G$38,$E$38,IF(F10<=G$39,$E$39,IF(F10<=G$40,$E$40,0))))*F$36*0.1,0),IF(AND(F10<>"----",F10),((10-G$35)+IF(G10<=G$35,G10,G$35))*IF(F10=0,0,IF(F10<=L$38,$J$38,IF(F10<=L$39,$J$39,IF(F10<=L$40,$J$40,0))))*F$36*0.1,0)) -> 0 | M10: =IF(C10=1,IF(AND(H10<>"----",H10),((10-I$35)+IF(I10<=$I$35,I10,I$35))*IF(H10=0,0,IF(H10<=$H$38,$E$38,IF(H10<=$H$39,$E$38,IF(H10<=$H$40,$E$40,0))))*H$36*0.1,0)+IF(AND(J10<>"----",J10),((10-K$35)+IF(K10<=$I$35,K10,K$35))*IF(J10=0,0,IF(J10<=$H$38,$E$38,IF(J10<=$H$39,$E$38,IF(J10<=$H$40,$E$39,0))))*J$36*0.1,0), IF(AND(H10<>"----",H10),((10-I$35)+IF(I10<=$I$35,I10,I$35))*IF(H10=0,0,IF(H10<=$M$38,$J$38,IF(H10<=$M$39,$J$39,IF(H10<=$M$40,$J$40,0))))*H$36*0.1,0)+IF(AND(J10<>"----",J10),((10-K$35)+IF(K10<=$K$35,K10,K$35))*IF(J10=0,0,IF(J10<=$M$38,$J$38,IF(J10<=$M$39,$J$39,IF(J10<=$M$40,$J$40,0))))*J$36*0.1,0)) -> 0 | N10: =CEILING(SUM(L10:M10)*10/SUM($L$35:$M$35),0.1) -> 0 | S10: =CEILING(SUM(P10:R10)*10/SUM($O$35:$R$35),0.1) -> 0 | AD10: =CEILING(SUM(T10:AC10)*10/SUM($T$35:$AC$35),0.1) -> 0 | AE10: =N10*$N$36+S10*$S$36+AD10*$AD$36 -> 0 | AF10: =ROUND(AE10,0) -> 0
A11: =IF(LEFT($H$1,3)="251",'списки групп'!A11,IF(LEFT($H$1,3)="252",'списки групп'!H11,IF(LEFT($H$1,3)="253",'списки групп'!O11,IF(LEFT($H$1,3)="254",'списки групп'!V11,IF(LEFT($H$1,3)="255",'списки групп'!AC11,IF(LEFT($H$1,3)="256",'списки групп'!AJ11,IF(LEFT($H$1,3)="257",'списки групп'!AR11,IF(LEFT($H$1,3)="258",'списки групп'!AY11,IF(LEFT($H$1,3)="259",'списки групп'!BF11,))))))))) -> 7 | B11: =IF(LEFT($H$1,3)="251",'списки групп'!B11,IF(LEFT($H$1,3)="252",'списки групп'!I11,IF(LEFT($H$1,3)="253",'списки групп'!P11,IF(LEFT($H$1,3)="254",'списки групп'!W11,IF(LEFT($H$1,3)="255",'списки групп'!AD11,IF(LEFT($H$1,3)="256",'списки групп'!AK11,IF(LEFT($H$1,3)="257",'списки групп'!AS11,IF(LEFT($H$1,3)="258",'списки групп'!AZ11,IF(LEFT($H$1,3)="259",'списки групп'!BG11,))))))))) -> 177 | C11: =IF(LEFT($H$1,3)="251",'списки групп'!C11,IF(LEFT($H$1,3)="252",'списки групп'!J11,IF(LEFT($H$1,3)="253",'списки групп'!Q11,IF(LEFT($H$1,3)="254",'списки групп'!X11,IF(LEFT($H$1,3)="255",'списки групп'!AE11,IF(LEFT($H$1,3)="256",'списки групп'!AL11,IF(LEFT($H$1,3)="257",'списки групп'!AT11,IF(LEFT($H$1,3)="258",'списки групп'!BA11,IF(LEFT($H$1,3)="259",'списки групп'!BH11,))))))))) -> 1 | D11: =IF(LEFT($H$1,3)="251",'списки групп'!D11,IF(LEFT($H$1,3)="252",'списки групп'!K11,IF(LEFT($H$1,3)="253",'списки групп'!R11,IF(LEFT($H$1,3)="254",'списки групп'!Y11,IF(LEFT($H$1,3)="255",'списки групп'!AF11,IF(LEFT($H$1,3)="256",'списки групп'!AM11,IF(LEFT($H$1,3)="257",'списки групп'!AU11,IF(LEFT($H$1,3)="258",'списки групп'!BB11,IF(LEFT($H$1,3)="259",'списки групп'!BI11,))))))))) -> Еремкин | E11: =IF(LEFT($H$1,3)="251",'списки групп'!E11,IF(LEFT($H$1,3)="252",'списки групп'!L11,IF(LEFT($H$1,3)="253",'списки групп'!S11,IF(LEFT($H$1,3)="254",'списки групп'!Z11,IF(LEFT($H$1,3)="255",'списки групп'!AG11,IF(LEFT($H$1,3)="256",'списки групп'!AN11,IF(LEFT($H$1,3)="257",'списки групп'!AV11,IF(LEFT($H$1,3)="258",'списки групп'!BC11,IF(LEFT($H$1,3)="259",'списки групп'!BJ11,))))))))) -> Константин | L11: =IF(C11=1,IF(AND(F11<>"----",F11),((10-G$35)+IF(G11<=G$35,G11,G$35))*IF(F11=0,0,IF(F11<=G$38,$E$38,IF(F11<=G$39,$E$39,IF(F11<=G$40,$E$40,0))))*F$36*0.1,0),IF(AND(F11<>"----",F11),((10-G$35)+IF(G11<=G$35,G11,G$35))*IF(F11=0,0,IF(F11<=L$38,$J$38,IF(F11<=L$39,$J$39,IF(F11<=L$40,$J$40,0))))*F$36*0.1,0)) -> 0 | M11: =IF(C11=1,IF(AND(H11<>"----",H11),((10-I$35)+IF(I11<=$I$35,I11,I$35))*IF(H11=0,0,IF(H11<=$H$38,$E$38,IF(H11<=$H$39,$E$38,IF(H11<=$H$40,$E$40,0))))*H$36*0.1,0)+IF(AND(J11<>"----",J11),((10-K$35)+IF(K11<=$I$35,K11,K$35))*IF(J11=0,0,IF(J11<=$H$38,$E$38,IF(J11<=$H$39,$E$38,IF(J11<=$H$40,$E$39,0))))*J$36*0.1,0), IF(AND(H11<>"----",H11),((10-I$35)+IF(I11<=$I$35,I11,I$35))*IF(H11=0,0,IF(H11<=$M$38,$J$38,IF(H11<=$M$39,$J$39,IF(H11<=$M$40,$J$40,0))))*H$36*0.1,0)+IF(AND(J11<>"----",J11),((10-K$35)+IF(K11<=$K$35,K11,K$35))*IF(J11=0,0,IF(J11<=$M$38,$J$38,IF(J11<=$M$39,$J$39,IF(J11<=$M$40,$J$40,0))))*J$36*0.1,0)) -> 0 | N11: =CEILING(SUM(L11:M11)*10/SUM($L$35:$M$35),0.1) -> 0 | S11: =CEILING(SUM(P11:R11)*10/SUM($O$35:$R$35),0.1) -> 0 | AD11: =CEILING(SUM(T11:AC11)*10/SUM($T$35:$AC$35),0.1) -> 0 | AE11: =N11*$N$36+S11*$S$36+AD11*$AD$36 -> 0 | AF11: =ROUND(AE11,0) -> 0
A12: =IF(LEFT($H$1,3)="251",'списки групп'!A12,IF(LEFT($H$1,3)="252",'списки групп'!H12,IF(LEFT($H$1,3)="253",'списки групп'!O12,IF(LEFT($H$1,3)="254",'списки групп'!V12,IF(LEFT($H$1,3)="255",'списки групп'!AC12,IF(LEFT($H$1,3)="256",'списки групп'!AJ12,IF(LEFT($H$1,3)="257",'списки групп'!AR12,IF(LEFT($H$1,3)="258",'списки групп'!AY12,IF(LEFT($H$1,3)="259",'списки групп'!BF12,))))))))) -> 8 | B12: =IF(LEFT($H$1,3)="251",'списки групп'!B12,IF(LEFT($H$1,3)="252",'списки групп'!I12,IF(LEFT($H$1,3)="253",'списки групп'!P12,IF(LEFT($H$1,3)="254",'списки групп'!W12,IF(LEFT($H$1,3)="255",'списки групп'!AD12,IF(LEFT($H$1,3)="256",'списки групп'!AK12,IF(LEFT($H$1,3)="257",'списки групп'!AS12,IF(LEFT($H$1,3)="258",'списки групп'!AZ12,IF(LEFT($H$1,3)="259",'списки групп'!BG12,))))))))) -> 178 | C12: =IF(LEFT($H$1,3)="251",'списки групп'!C12,IF(LEFT($H$1,3)="252",'списки групп'!J12,IF(LEFT($H$1,3)="253",'списки групп'!Q12,IF(LEFT($H$1,3)="254",'списки групп'!X12,IF(LEFT($H$1,3)="255",'списки групп'!AE12,IF(LEFT($H$1,3)="256",'списки групп'!AL12,IF(LEFT($H$1,3)="257",'списки групп'!AT12,IF(LEFT($H$1,3)="258",'списки групп'!BA12,IF(LEFT($H$1,3)="259",'списки групп'!BH12,))))))))) -> 1 | D12: =IF(LEFT($H$1,3)="251",'списки групп'!D12,IF(LEFT($H$1,3)="252",'списки групп'!K12,IF(LEFT($H$1,3)="253",'списки групп'!R12,IF(LEFT($H$1,3)="254",'списки групп'!Y12,IF(LEFT($H$1,3)="255",'списки групп'!AF12,IF(LEFT($H$1,3)="256",'списки групп'!AM12,IF(LEFT($H$1,3)="257",'списки групп'!AU12,IF(LEFT($H$1,3)="258",'списки групп'!BB12,IF(LEFT($H$1,3)="259",'списки групп'!BI12,))))))))) -> Иванов | E12: =IF(LEFT($H$1,3)="251",'списки групп'!E12,IF(LEFT($H$1,3)="252",'списки групп'!L12,IF(LEFT($H$1,3)="253",'списки групп'!S12,IF(LEFT($H$1,3)="254",'списки групп'!Z12,IF(LEFT($H$1,3)="255",'списки групп'!AG12,IF(LEFT($H$1,3)="256",'списки групп'!AN12,IF(LEFT($H$1,3)="257",'списки групп'!AV12,IF(LEFT($H$1,3)="258",'списки групп'!BC12,IF(LEFT($H$1,3)="259",'списки групп'!BJ12,))))))))) -> Никита | L12: =IF(C12=1,IF(AND(F12<>"----",F12),((10-G$35)+IF(G12<=G$35,G12,G$35))*IF(F12=0,0,IF(F12<=G$38,$E$38,IF(F12<=G$39,$E$39,IF(F12<=G$40,$E$40,0))))*F$36*0.1,0),IF(AND(F12<>"----",F12),((10-G$35)+IF(G12<=G$35,G12,G$35))*IF(F12=0,0,IF(F12<=L$38,$J$38,IF(F12<=L$39,$J$39,IF(F12<=L$40,$J$40,0))))*F$36*0.1,0)) -> 0 | M12: =IF(C12=1,IF(AND(H12<>"----",H12),((10-I$35)+IF(I12<=$I$35,I12,I$35))*IF(H12=0,0,IF(H12<=$H$38,$E$38,IF(H12<=$H$39,$E$38,IF(H12<=$H$40,$E$40,0))))*H$36*0.1,0)+IF(AND(J12<>"----",J12),((10-K$35)+IF(K12<=$I$35,K12,K$35))*IF(J12=0,0,IF(J12<=$H$38,$E$38,IF(J12<=$H$39,$E$38,IF(J12<=$H$40,$E$39,0))))*J$36*0.1,0), IF(AND(H12<>"----",H12),((10-I$35)+IF(I12<=$I$35,I12,I$35))*IF(H12=0,0,IF(H12<=$M$38,$J$38,IF(H12<=$M$39,$J$39,IF(H12<=$M$40,$J$40,0))))*H$36*0.1,0)+IF(AND(J12<>"----",J12),((10-K$35)+IF(K12<=$K$35,K12,K$35))*IF(J12=0,0,IF(J12<=$M$38,$J$38,IF(J12<=$M$39,$J$39,IF(J12<=$M$40,$J$40,0))))*J$36*0.1,0)) -> 0 | N12: =CEILING(SUM(L12:M12)*10/SUM($L$35:$M$35),0.1) -> 0 | S12: =CEILING(SUM(P12:R12)*10/SUM($O$35:$R$35),0.1) -> 0 | AD12: =CEILING(SUM(T12:AC12)*10/SUM($T$35:$AC$35),0.1) -> 0 | AE12: =N12*$N$36+S12*$S$36+AD12*$AD$36 -> 0 | AF12: =ROUND(AE12,0) -> 0
A13: =IF(LEFT($H$1,3)="251",'списки групп'!A13,IF(LEFT($H$1,3)="252",'списки групп'!H13,IF(LEFT($H$1,3)="253",'списки групп'!O13,IF(LEFT($H$1,3)="254",'списки групп'!V13,IF(LEFT($H$1,3)="255",'списки групп'!AC13,IF(LEFT($H$1,3)="256",'списки групп'!AJ13,IF(LEFT($H$1,3)="257",'списки групп'!AR13,IF(LEFT($H$1,3)="258",'списки групп'!AY13,IF(LEFT($H$1,3)="259",'списки групп'!BF13,))))))))) -> 9 | B13: =IF(LEFT($H$1,3)="251",'списки групп'!B13,IF(LEFT($H$1,3)="252",'списки групп'!I13,IF(LEFT($H$1,3)="253",'списки групп'!P13,IF(LEFT($H$1,3)="254",'списки групп'!W13,IF(LEFT($H$1,3)="255",'списки групп'!AD13,IF(LEFT($H$1,3)="256",'списки групп'!AK13,IF(LEFT($H$1,3)="257",'списки групп'!AS13,IF(LEFT($H$1,3)="258",'списки групп'!AZ13,IF(LEFT($H$1,3)="259",'списки групп'!BG13,))))))))) -> 179 | C13: =IF(LEFT($H$1,3)="251",'списки групп'!C13,IF(LEFT($H$1,3)="252",'списки групп'!J13,IF(LEFT($H$1,3)="253",'списки групп'!Q13,IF(LEFT($H$1,3)="254",'списки групп'!X13,IF(LEFT($H$1,3)="255",'списки групп'!AE13,IF(LEFT($H$1,3)="256",'списки групп'!AL13,IF(LEFT($H$1,3)="257",'списки групп'!AT13,IF(LEFT($H$1,3)="258",'списки групп'!BA13,IF(LEFT($H$1,3)="259",'списки групп'!BH13,))))))))) -> 1 | D13: =IF(LEFT($H$1,3)="251",'списки групп'!D13,IF(LEFT($H$1,3)="252",'списки групп'!K13,IF(LEFT($H$1,3)="253",'списки групп'!R13,IF(LEFT($H$1,3)="254",'списки групп'!Y13,IF(LEFT($H$1,3)="255",'списки групп'!AF13,IF(LEFT($H$1,3)="256",'списки групп'!AM13,IF(LEFT($H$1,3)="257",'списки групп'!AU13,IF(LEFT($H$1,3)="258",'списки групп'!BB13,IF(LEFT($H$1,3)="259",'списки групп'!BI13,))))))))) -> Капитанов | E13: =IF(LEFT($H$1,3)="251",'списки групп'!E13,IF(LEFT($H$1,3)="252",'списки групп'!L13,IF(LEFT($H$1,3)="253",'списки групп'!S13,IF(LEFT($H$1,3)="254",'списки групп'!Z13,IF(LEFT($H$1,3)="255",'списки групп'!AG13,IF(LEFT($H$1,3)="256",'списки групп'!AN13,IF(LEFT($H$1,3)="257",'списки групп'!AV13,IF(LEFT($H$1,3)="258",'списки групп'!BC13,IF(LEFT($H$1,3)="259",'списки групп'!BJ13,))))))))) -> Антон | L13: =IF(C13=1,IF(AND(F13<>"----",F13),((10-G$35)+IF(G13<=G$35,G13,G$35))*IF(F13=0,0,IF(F13<=G$38,$E$38,IF(F13<=G$39,$E$39,IF(F13<=G$40,$E$40,0))))*F$36*0.1,0),IF(AND(F13<>"----",F13),((10-G$35)+IF(G13<=G$35,G13,G$35))*IF(F13=0,0,IF(F13<=L$38,$J$38,IF(F13<=L$39,$J$39,IF(F13<=L$40,$J$40,0))))*F$36*0.1,0)) -> 0 | M13: =IF(C13=1,IF(AND(H13<>"----",H13),((10-I$35)+IF(I13<=$I$35,I13,I$35))*IF(H13=0,0,IF(H13<=$H$38,$E$38,IF(H13<=$H$39,$E$38,IF(H13<=$H$40,$E$40,0))))*H$36*0.1,0)+IF(AND(J13<>"----",J13),((10-K$35)+IF(K13<=$I$35,K13,K$35))*IF(J13=0,0,IF(J13<=$H$38,$E$38,IF(J13<=$H$39,$E$38,IF(J13<=$H$40,$E$39,0))))*J$36*0.1,0), IF(AND(H13<>"----",H13),((10-I$35)+IF(I13<=$I$35,I13,I$35))*IF(H13=0,0,IF(H13<=$M$38,$J$38,IF(H13<=$M$39,$J$39,IF(H13<=$M$40,$J$40,0))))*H$36*0.1,0)+IF(AND(J13<>"----",J13),((10-K$35)+IF(K13<=$K$35,K13,K$35))*IF(J13=0,0,IF(J13<=$M$38,$J$38,IF(J13<=$M$39,$J$39,IF(J13<=$M$40,$J$40,0))))*J$36*0.1,0)) -> 0 | N13: =CEILING(SUM(L13:M13)*10/SUM($L$35:$M$35),0.1) -> 0 | S13: =CEILING(SUM(P13:R13)*10/SUM($O$35:$R$35),0.1) -> 0 | AD13: =CEILING(SUM(T13:AC13)*10/SUM($T$35:$AC$35),0.1) -> 0 | AE13: =N13*$N$36+S13*$S$36+AD13*$AD$36 -> 0 | AF13: =ROUND(AE13,0) -> 0
A14: =IF(LEFT($H$1,3)="251",'списки групп'!A14,IF(LEFT($H$1,3)="252",'списки групп'!H14,IF(LEFT($H$1,3)="253",'списки групп'!O14,IF(LEFT($H$1,3)="254",'списки групп'!V14,IF(LEFT($H$1,3)="255",'списки групп'!AC14,IF(LEFT($H$1,3)="256",'списки групп'!AJ14,IF(LEFT($H$1,3)="257",'списки групп'!AR14,IF(LEFT($H$1,3)="258",'списки групп'!AY14,IF(LEFT($H$1,3)="259",'списки групп'!BF14,))))))))) -> 10 | B14: =IF(LEFT($H$1,3)="251",'списки групп'!B14,IF(LEFT($H$1,3)="252",'списки групп'!I14,IF(LEFT($H$1,3)="253",'списки групп'!P14,IF(LEFT($H$1,3)="254",'списки групп'!W14,IF(LEFT($H$1,3)="255",'списки групп'!AD14,IF(LEFT($H$1,3)="256",'списки групп'!AK14,IF(LEFT($H$1,3)="257",'списки групп'!AS14,IF(LEFT($H$1,3)="258",'списки групп'!AZ14,IF(LEFT($H$1,3)="259",'списки групп'!BG14,))))))))) -> 180 | C14: =IF(LEFT($H$1,3)="251",'списки групп'!C14,IF(LEFT($H$1,3)="252",'списки групп'!J14,IF(LEFT($H$1,3)="253",'списки групп'!Q14,IF(LEFT($H$1,3)="254",'списки групп'!X14,IF(LEFT($H$1,3)="255",'списки групп'!AE14,IF(LEFT($H$1,3)="256",'списки групп'!AL14,IF(LEFT($H$1,3)="257",'списки групп'!AT14,IF(LEFT($H$1,3)="258",'списки групп'!BA14,IF(LEFT($H$1,3)="259",'списки групп'!BH14,))))))))) -> 1 | D14: =IF(LEFT($H$1,3)="251",'списки групп'!D14,IF(LEFT($H$1,3)="252",'списки групп'!K14,IF(LEFT($H$1,3)="253",'списки групп'!R14,IF(LEFT($H$1,3)="254",'списки групп'!Y14,IF(LEFT($H$1,3)="255",'списки групп'!AF14,IF(LEFT($H$1,3)="256",'списки групп'!AM14,IF(LEFT($H$1,3)="257",'списки групп'!AU14,IF(LEFT($H$1,3)="258",'списки групп'!BB14,IF(LEFT($H$1,3)="259",'списки групп'!BI14,))))))))) -> Капустин | E14: =IF(LEFT($H$1,3)="251",'списки групп'!E14,IF(LEFT($H$1,3)="252",'списки групп'!L14,IF(LEFT($H$1,3)="253",'списки групп'!S14,IF(LEFT($H$1,3)="254",'списки групп'!Z14,IF(LEFT($H$1,3)="255",'списки групп'!AG14,IF(LEFT($H$1,3)="256",'списки групп'!AN14,IF(LEFT($H$1,3)="257",'списки групп'!AV14,IF(LEFT($H$1,3)="258",'списки групп'!BC14,IF(LEFT($H$1,3)="259",'списки групп'!BJ14,))))))))) -> Роман | L14: =IF(C14=1,IF(AND(F14<>"----",F14),((10-G$35)+IF(G14<=G$35,G14,G$35))*IF(F14=0,0,IF(F14<=G$38,$E$38,IF(F14<=G$39,$E$39,IF(F14<=G$40,$E$40,0))))*F$36*0.1,0),IF(AND(F14<>"----",F14),((10-G$35)+IF(G14<=G$35,G14,G$35))*IF(F14=0,0,IF(F14<=L$38,$J$38,IF(F14<=L$39,$J$39,IF(F14<=L$40,$J$40,0))))*F$36*0.1,0)) -> 0 | M14: =IF(C14=1,IF(AND(H14<>"----",H14),((10-I$35)+IF(I14<=$I$35,I14,I$35))*IF(H14=0,0,IF(H14<=$H$38,$E$38,IF(H14<=$H$39,$E$38,IF(H14<=$H$40,$E$40,0))))*H$36*0.1,0)+IF(AND(J14<>"----",J14),((10-K$35)+IF(K14<=$I$35,K14,K$35))*IF(J14=0,0,IF(J14<=$H$38,$E$38,IF(J14<=$H$39,$E$38,IF(J14<=$H$40,$E$39,0))))*J$36*0.1,0), IF(AND(H14<>"----",H14),((10-I$35)+IF(I14<=$I$35,I14,I$35))*IF(H14=0,0,IF(H14<=$M$38,$J$38,IF(H14<=$M$39,$J$39,IF(H14<=$M$40,$J$40,0))))*H$36*0.1,0)+IF(AND(J14<>"----",J14),((10-K$35)+IF(K14<=$K$35,K14,K$35))*IF(J14=0,0,IF(J14<=$M$38,$J$38,IF(J14<=$M$39,$J$39,IF(J14<=$M$40,$J$40,0))))*J$36*0.1,0)) -> 0 | N14: =CEILING(SUM(L14:M14)*10/SUM($L$35:$M$35),0.1) -> 0 | S14: =CEILING(SUM(P14:R14)*10/SUM($O$35:$R$35),0.1) -> 0 | AD14: =CEILING(SUM(T14:AC14)*10/SUM($T$35:$AC$35),0.1) -> 0 | AE14: =N14*$N$36+S14*$S$36+AD14*$AD$36 -> 0 | AF14: =ROUND(AE14,0) -> 0
A15: =IF(LEFT($H$1,3)="251",'списки групп'!A15,IF(LEFT($H$1,3)="252",'списки групп'!H15,IF(LEFT($H$1,3)="253",'списки групп'!O15,IF(LEFT($H$1,3)="254",'списки групп'!V15,IF(LEFT($H$1,3)="255",'списки групп'!AC15,IF(LEFT($H$1,3)="256",'списки групп'!AJ15,IF(LEFT($H$1,3)="257",'списки групп'!AR15,IF(LEFT($H$1,3)="258",'списки групп'!AY15,IF(LEFT($H$1,3)="259",'списки групп'!BF15,))))))))) -> 11 | B15: =IF(LEFT($H$1,3)="251",'списки групп'!B15,IF(LEFT($H$1,3)="252",'списки групп'!I15,IF(LEFT($H$1,3)="253",'списки групп'!P15,IF(LEFT($H$1,3)="254",'списки групп'!W15,IF(LEFT($H$1,3)="255",'списки групп'!AD15,IF(LEFT($H$1,3)="256",'списки групп'!AK15,IF(LEFT($H$1,3)="257",'списки групп'!AS15,IF(LEFT($H$1,3)="258",'списки групп'!AZ15,IF(LEFT($H$1,3)="259",'списки групп'!BG15,))))))))) -> 181 | C15: =IF(LEFT($H$1,3)="251",'списки групп'!C15,IF(LEFT($H$1,3)="252",'списки групп'!J15,IF(LEFT($H$1,3)="253",'списки групп'!Q15,IF(LEFT($H$1,3)="254",'списки групп'!X15,IF(LEFT($H$1,3)="255",'списки групп'!AE15,IF(LEFT($H$1,3)="256",'списки групп'!AL15,IF(LEFT($H$1,3)="257",'списки групп'!AT15,IF(LEFT($H$1,3)="258",'списки групп'!BA15,IF(LEFT($H$1,3)="259",'списки групп'!BH15,))))))))) -> 1 | D15: =IF(LEFT($H$1,3)="251",'списки групп'!D15,IF(LEFT($H$1,3)="252",'списки групп'!K15,IF(LEFT($H$1,3)="253",'списки групп'!R15,IF(LEFT($H$1,3)="254",'списки групп'!Y15,IF(LEFT($H$1,3)="255",'списки групп'!AF15,IF(LEFT($H$1,3)="256",'списки групп'!AM15,IF(LEFT($H$1,3)="257",'списки групп'!AU15,IF(LEFT($H$1,3)="258",'списки групп'!BB15,IF(LEFT($H$1,3)="259",'списки групп'!BI15,))))))))) -> Коноплев | E15: =IF(LEFT($H$1,3)="251",'списки групп'!E15,IF(LEFT($H$1,3)="252",'списки групп'!L15,IF(LEFT($H$1,3)="253",'списки групп'!S15,IF(LEFT($H$1,3)="254",'списки групп'!Z15,IF(LEFT($H$1,3)="255",'списки групп'!AG15,IF(LEFT($H$1,3)="256",'списки групп'!AN15,IF(LEFT($H$1,3)="257",'списки групп'!AV15,IF(LEFT($H$1,3)="258",'списки групп'!BC15,IF(LEFT($H$1,3)="259",'списки групп'!BJ15,))))))))) -> Кирилл | L15: =IF(C15=1,IF(AND(F15<>"----",F15),((10-G$35)+IF(G15<=G$35,G15,G$35))*IF(F15=0,0,IF(F15<=G$38,$E$38,IF(F15<=G$39,$E$39,IF(F15<=G$40,$E$40,0))))*F$36*0.1,0),IF(AND(F15<>"----",F15),((10-G$35)+IF(G15<=G$35,G15,G$35))*IF(F15=0,0,IF(F15<=L$38,$J$38,IF(F15<=L$39,$J$39,IF(F15<=L$40,$J$40,0))))*F$36*0.1,0)) -> 0 | M15: =IF(C15=1,IF(AND(H15<>"----",H15),((10-I$35)+IF(I15<=$I$35,I15,I$35))*IF(H15=0,0,IF(H15<=$H$38,$E$38,IF(H15<=$H$39,$E$38,IF(H15<=$H$40,$E$40,0))))*H$36*0.1,0)+IF(AND(J15<>"----",J15),((10-K$35)+IF(K15<=$I$35,K15,K$35))*IF(J15=0,0,IF(J15<=$H$38,$E$38,IF(J15<=$H$39,$E$38,IF(J15<=$H$40,$E$39,0))))*J$36*0.1,0), IF(AND(H15<>"----",H15),((10-I$35)+IF(I15<=$I$35,I15,I$35))*IF(H15=0,0,IF(H15<=$M$38,$J$38,IF(H15<=$M$39,$J$39,IF(H15<=$M$40,$J$40,0))))*H$36*0.1,0)+IF(AND(J15<>"----",J15),((10-K$35)+IF(K15<=$K$35,K15,K$35))*IF(J15=0,0,IF(J15<=$M$38,$J$38,IF(J15<=$M$39,$J$39,IF(J15<=$M$40,$J$40,0))))*J$36*0.1,0)) -> 0 | N15: =CEILING(SUM(L15:M15)*10/SUM($L$35:$M$35),0.1) -> 0 | S15: =CEILING(SUM(P15:R15)*10/SUM($O$35:$R$35),0.1) -> 0 | AD15: =CEILING(SUM(T15:AC15)*10/SUM($T$35:$AC$35),0.1) -> 0 | AE15: =N15*$N$36+S15*$S$36+AD15*$AD$36 -> 0 | AF15: =ROUND(AE15,0) -> 0
A16: =IF(LEFT($H$1,3)="251",'списки групп'!A16,IF(LEFT($H$1,3)="252",'списки групп'!H16,IF(LEFT($H$1,3)="253",'списки групп'!O16,IF(LEFT($H$1,3)="254",'списки групп'!V16,IF(LEFT($H$1,3)="255",'списки групп'!AC16,IF(LEFT($H$1,3)="256",'списки групп'!AJ16,IF(LEFT($H$1,3)="257",'списки групп'!AR16,IF(LEFT($H$1,3)="258",'списки групп'!AY16,IF(LEFT($H$1,3)="259",'списки групп'!BF16,))))))))) -> 12 | B16: =IF(LEFT($H$1,3)="251",'списки групп'!B16,IF(LEFT($H$1,3)="252",'списки групп'!I16,IF(LEFT($H$1,3)="253",'списки групп'!P16,IF(LEFT($H$1,3)="254",'списки групп'!W16,IF(LEFT($H$1,3)="255",'списки групп'!AD16,IF(LEFT($H$1,3)="256",'списки групп'!AK16,IF(LEFT($H$1,3)="257",'списки групп'!AS16,IF(LEFT($H$1,3)="258",'списки групп'!AZ16,IF(LEFT($H$1,3)="259",'списки групп'!BG16,))))))))) -> 182 | C16: =IF(LEFT($H$1,3)="251",'списки групп'!C16,IF(LEFT($H$1,3)="252",'списки групп'!J16,IF(LEFT($H$1,3)="253",'списки групп'!Q16,IF(LEFT($H$1,3)="254",'списки групп'!X16,IF(LEFT($H$1,3)="255",'списки групп'!AE16,IF(LEFT($H$1,3)="256",'списки групп'!AL16,IF(LEFT($H$1,3)="257",'списки групп'!AT16,IF(LEFT($H$1,3)="258",'списки групп'!BA16,IF(LEFT($H$1,3)="259",'списки групп'!BH16,))))))))) -> 1 | D16: =IF(LEFT($H$1,3)="251",'списки групп'!D16,IF(LEFT($H$1,3)="252",'списки групп'!K16,IF(LEFT($H$1,3)="253",'списки групп'!R16,IF(LEFT($H$1,3)="254",'списки групп'!Y16,IF(LEFT($H$1,3)="255",'списки групп'!AF16,IF(LEFT($H$1,3)="256",'списки групп'!AM16,IF(LEFT($H$1,3)="257",'списки групп'!AU16,IF(LEFT($H$1,3)="258",'списки групп'!BB16,IF(LEFT($H$1,3)="259",'списки групп'!BI16,))))))))) -> Кузнецова | E16: =IF(LEFT($H$1,3)="251",'списки групп'!E16,IF(LEFT($H$1,3)="252",'списки групп'!L16,IF(LEFT($H$1,3)="253",'списки групп'!S16,IF(LEFT($H$1,3)="254",'списки групп'!Z16,IF(LEFT($H$1,3)="255",'списки групп'!AG16,IF(LEFT($H$1,3)="256",'списки групп'!AN16,IF(LEFT($H$1,3)="257",'списки групп'!AV16,IF(LEFT($H$1,3)="258",'списки групп'!BC16,IF(LEFT($H$1,3)="259",'списки групп'!BJ16,))))))))) -> Арина | L16: =IF(C16=1,IF(AND(F16<>"----",F16),((10-G$35)+IF(G16<=G$35,G16,G$35))*IF(F16=0,0,IF(F16<=G$38,$E$38,IF(F16<=G$39,$E$39,IF(F16<=G$40,$E$40,0))))*F$36*0.1,0),IF(AND(F16<>"----",F16),((10-G$35)+IF(G16<=G$35,G16,G$35))*IF(F16=0,0,IF(F16<=L$38,$J$38,IF(F16<=L$39,$J$39,IF(F16<=L$40,$J$40,0))))*F$36*0.1,0)) -> 0 | M16: =IF(C16=1,IF(AND(H16<>"----",H16),((10-I$35)+IF(I16<=$I$35,I16,I$35))*IF(H16=0,0,IF(H16<=$H$38,$E$38,IF(H16<=$H$39,$E$38,IF(H16<=$H$40,$E$40,0))))*H$36*0.1,0)+IF(AND(J16<>"----",J16),((10-K$35)+IF(K16<=$I$35,K16,K$35))*IF(J16=0,0,IF(J16<=$H$38,$E$38,IF(J16<=$H$39,$E$38,IF(J16<=$H$40,$E$39,0))))*J$36*0.1,0), IF(AND(H16<>"----",H16),((10-I$35)+IF(I16<=$I$35,I16,I$35))*IF(H16=0,0,IF(H16<=$M$38,$J$38,IF(H16<=$M$39,$J$39,IF(H16<=$M$40,$J$40,0))))*H$36*0.1,0)+IF(AND(J16<>"----",J16),((10-K$35)+IF(K16<=$K$35,K16,K$35))*IF(J16=0,0,IF(J16<=$M$38,$J$38,IF(J16<=$M$39,$J$39,IF(J16<=$M$40,$J$40,0))))*J$36*0.1,0)) -> 0 | N16: =CEILING(SUM(L16:M16)*10/SUM($L$35:$M$35),0.1) -> 0 | S16: =CEILING(SUM(P16:R16)*10/SUM($O$35:$R$35),0.1) -> 0 | AD16: =CEILING(SUM(T16:AC16)*10/SUM($T$35:$AC$35),0.1) -> 0 | AE16: =N16*$N$36+S16*$S$36+AD16*$AD$36 -> 0 | AF16: =ROUND(AE16,0) -> 0
A17: =IF(LEFT($H$1,3)="251",'списки групп'!A17,IF(LEFT($H$1,3)="252",'списки групп'!H17,IF(LEFT($H$1,3)="253",'списки групп'!O17,IF(LEFT($H$1,3)="254",'списки групп'!V17,IF(LEFT($H$1,3)="255",'списки групп'!AC17,IF(LEFT($H$1,3)="256",'списки групп'!AJ17,IF(LEFT($H$1,3)="257",'списки групп'!AR17,IF(LEFT($H$1,3)="258",'списки групп'!AY17,IF(LEFT($H$1,3)="259",'списки групп'!BF17,))))))))) -> 13 | B17: =IF(LEFT($H$1,3)="251",'списки групп'!B17,IF(LEFT($H$1,3)="252",'списки групп'!I17,IF(LEFT($H$1,3)="253",'списки групп'!P17,IF(LEFT($H$1,3)="254",'списки групп'!W17,IF(LEFT($H$1,3)="255",'списки групп'!AD17,IF(LEFT($H$1,3)="256",'списки групп'!AK17,IF(LEFT($H$1,3)="257",'списки групп'!AS17,IF(LEFT($H$1,3)="258",'списки групп'!AZ17,IF(LEFT($H$1,3)="259",'списки групп'!BG17,))))))))) -> 183 | C17: =IF(LEFT($H$1,3)="251",'списки групп'!C17,IF(LEFT($H$1,3)="252",'списки групп'!J17,IF(LEFT($H$1,3)="253",'списки групп'!Q17,IF(LEFT($H$1,3)="254",'списки групп'!X17,IF(LEFT($H$1,3)="255",'списки групп'!AE17,IF(LEFT($H$1,3)="256",'списки групп'!AL17,IF(LEFT($H$1,3)="257",'списки групп'!AT17,IF(LEFT($H$1,3)="258",'списки групп'!BA17,IF(LEFT($H$1,3)="259",'списки групп'!BH17,))))))))) -> 1 | D17: =IF(LEFT($H$1,3)="251",'списки групп'!D17,IF(LEFT($H$1,3)="252",'списки групп'!K17,IF(LEFT($H$1,3)="253",'списки групп'!R17,IF(LEFT($H$1,3)="254",'списки групп'!Y17,IF(LEFT($H$1,3)="255",'списки групп'!AF17,IF(LEFT($H$1,3)="256",'списки групп'!AM17,IF(LEFT($H$1,3)="257",'списки групп'!AU17,IF(LEFT($H$1,3)="258",'списки групп'!BB17,IF(LEFT($H$1,3)="259",'списки групп'!BI17,))))))))) -> Лубенец | E17: =IF(LEFT($H$1,3)="251",'списки групп'!E17,IF(LEFT($H$1,3)="252",'списки групп'!L17,IF(LEFT($H$1,3)="253",'списки групп'!S17,IF(LEFT($H$1,3)="254",'списки групп'!Z17,IF(LEFT($H$1,3)="255",'списки групп'!AG17,IF(LEFT($H$1,3)="256",'списки групп'!AN17,IF(LEFT($H$1,3)="257",'списки групп'!AV17,IF(LEFT($H$1,3)="258",'списки групп'!BC17,IF(LEFT($H$1,3)="259",'списки групп'!BJ17,))))))))) -> Илья | L17: =IF(C17=1,IF(AND(F17<>"----",F17),((10-G$35)+IF(G17<=G$35,G17,G$35))*IF(F17=0,0,IF(F17<=G$38,$E$38,IF(F17<=G$39,$E$39,IF(F17<=G$40,$E$40,0))))*F$36*0.1,0),IF(AND(F17<>"----",F17),((10-G$35)+IF(G17<=G$35,G17,G$35))*IF(F17=0,0,IF(F17<=L$38,$J$38,IF(F17<=L$39,$J$39,IF(F17<=L$40,$J$40,0))))*F$36*0.1,0)) -> 0 | M17: =IF(C17=1,IF(AND(H17<>"----",H17),((10-I$35)+IF(I17<=$I$35,I17,I$35))*IF(H17=0,0,IF(H17<=$H$38,$E$38,IF(H17<=$H$39,$E$38,IF(H17<=$H$40,$E$40,0))))*H$36*0.1,0)+IF(AND(J17<>"----",J17),((10-K$35)+IF(K17<=$I$35,K17,K$35))*IF(J17=0,0,IF(J17<=$H$38,$E$38,IF(J17<=$H$39,$E$38,IF(J17<=$H$40,$E$39,0))))*J$36*0.1,0), IF(AND(H17<>"----",H17),((10-I$35)+IF(I17<=$I$35,I17,I$35))*IF(H17=0,0,IF(H17<=$M$38,$J$38,IF(H17<=$M$39,$J$39,IF(H17<=$M$40,$J$40,0))))*H$36*0.1,0)+IF(AND(J17<>"----",J17),((10-K$35)+IF(K17<=$K$35,K17,K$35))*IF(J17=0,0,IF(J17<=$M$38,$J$38,IF(J17<=$M$39,$J$39,IF(J17<=$M$40,$J$40,0))))*J$36*0.1,0)) -> 0 | N17: =CEILING(SUM(L17:M17)*10/SUM($L$35:$M$35),0.1) -> 0 | O17: 2 | S17: =CEILING(SUM(P17:R17)*10/SUM($O$35:$R$35),0.1) -> 0 | AD17: =CEILING(SUM(T17:AC17)*10/SUM($T$35:$AC$35),0.1) -> 0 | AE17: =N17*$N$36+S17*$S$36+AD17*$AD$36 -> 0 | AF17: =ROUND(AE17,0) -> 0
A18: =IF(LEFT($H$1,3)="251",'списки групп'!A18,IF(LEFT($H$1,3)="252",'списки групп'!H18,IF(LEFT($H$1,3)="253",'списки групп'!O18,IF(LEFT($H$1,3)="254",'списки групп'!V18,IF(LEFT($H$1,3)="255",'списки групп'!AC18,IF(LEFT($H$1,3)="256",'списки групп'!AJ18,IF(LEFT($H$1,3)="257",'списки групп'!AR18,IF(LEFT($H$1,3)="258",'списки групп'!AY18,IF(LEFT($H$1,3)="259",'списки групп'!BF18,))))))))) -> 14 | B18: =IF(LEFT($H$1,3)="251",'списки групп'!B18,IF(LEFT($H$1,3)="252",'списки групп'!I18,IF(LEFT($H$1,3)="253",'списки групп'!P18,IF(LEFT($H$1,3)="254",'списки групп'!W18,IF(LEFT($H$1,3)="255",'списки групп'!AD18,IF(LEFT($H$1,3)="256",'списки групп'!AK18,IF(LEFT($H$1,3)="257",'списки групп'!AS18,IF(LEFT($H$1,3)="258",'списки групп'!AZ18,IF(LEFT($H$1,3)="259",'списки групп'!BG18,))))))))) -> 184 | C18: =IF(LEFT($H$1,3)="251",'списки групп'!C18,IF(LEFT($H$1,3)="252",'списки групп'!J18,IF(LEFT($H$1,3)="253",'списки групп'!Q18,IF(LEFT($H$1,3)="254",'списки групп'!X18,IF(LEFT($H$1,3)="255",'списки групп'!AE18,IF(LEFT($H$1,3)="256",'списки групп'!AL18,IF(LEFT($H$1,3)="257",'списки групп'!AT18,IF(LEFT($H$1,3)="258",'списки групп'!BA18,IF(LEFT($H$1,3)="259",'списки групп'!BH18,))))))))) -> 1 | D18: =IF(LEFT($H$1,3)="251",'списки групп'!D18,IF(LEFT($H$1,3)="252",'списки групп'!K18,IF(LEFT($H$1,3)="253",'списки групп'!R18,IF(LEFT($H$1,3)="254",'списки групп'!Y18,IF(LEFT($H$1,3)="255",'списки групп'!AF18,IF(LEFT($H$1,3)="256",'списки групп'!AM18,IF(LEFT($H$1,3)="257",'списки групп'!AU18,IF(LEFT($H$1,3)="258",'списки групп'!BB18,IF(LEFT($H$1,3)="259",'списки групп'!BI18,))))))))) -> Макейчук | E18: =IF(LEFT($H$1,3)="251",'списки групп'!E18,IF(LEFT($H$1,3)="252",'списки групп'!L18,IF(LEFT($H$1,3)="253",'списки групп'!S18,IF(LEFT($H$1,3)="254",'списки групп'!Z18,IF(LEFT($H$1,3)="255",'списки групп'!AG18,IF(LEFT($H$1,3)="256",'списки групп'!AN18,IF(LEFT($H$1,3)="257",'списки групп'!AV18,IF(LEFT($H$1,3)="258",'списки групп'!BC18,IF(LEFT($H$1,3)="259",'списки групп'!BJ18,))))))))) -> Владислава | L18: =IF(C18=1,IF(AND(F18<>"----",F18),((10-G$35)+IF(G18<=G$35,G18,G$35))*IF(F18=0,0,IF(F18<=G$38,$E$38,IF(F18<=G$39,$E$39,IF(F18<=G$40,$E$40,0))))*F$36*0.1,0),IF(AND(F18<>"----",F18),((10-G$35)+IF(G18<=G$35,G18,G$35))*IF(F18=0,0,IF(F18<=L$38,$J$38,IF(F18<=L$39,$J$39,IF(F18<=L$40,$J$40,0))))*F$36*0.1,0)) -> 0 | M18: =IF(C18=1,IF(AND(H18<>"----",H18),((10-I$35)+IF(I18<=$I$35,I18,I$35))*IF(H18=0,0,IF(H18<=$H$38,$E$38,IF(H18<=$H$39,$E$38,IF(H18<=$H$40,$E$40,0))))*H$36*0.1,0)+IF(AND(J18<>"----",J18),((10-K$35)+IF(K18<=$I$35,K18,K$35))*IF(J18=0,0,IF(J18<=$H$38,$E$38,IF(J18<=$H$39,$E$38,IF(J18<=$H$40,$E$39,0))))*J$36*0.1,0), IF(AND(H18<>"----",H18),((10-I$35)+IF(I18<=$I$35,I18,I$35))*IF(H18=0,0,IF(H18<=$M$38,$J$38,IF(H18<=$M$39,$J$39,IF(H18<=$M$40,$J$40,0))))*H$36*0.1,0)+IF(AND(J18<>"----",J18),((10-K$35)+IF(K18<=$K$35,K18,K$35))*IF(J18=0,0,IF(J18<=$M$38,$J$38,IF(J18<=$M$39,$J$39,IF(J18<=$M$40,$J$40,0))))*J$36*0.1,0)) -> 0 | N18: =CEILING(SUM(L18:M18)*10/SUM($L$35:$M$35),0.1) -> 0 | S18: =CEILING(SUM(P18:R18)*10/SUM($O$35:$R$35),0.1) -> 0 | AD18: =CEILING(SUM(T18:AC18)*10/SUM($T$35:$AC$35),0.1) -> 0 | AE18: =N18*$N$36+S18*$S$36+AD18*$AD$36 -> 0 | AF18: =ROUND(AE18,0) -> 0
A19: =IF(LEFT($H$1,3)="251",'списки групп'!A19,IF(LEFT($H$1,3)="252",'списки групп'!H19,IF(LEFT($H$1,3)="253",'списки групп'!O19,IF(LEFT($H$1,3)="254",'списки групп'!V19,IF(LEFT($H$1,3)="255",'списки групп'!AC19,IF(LEFT($H$1,3)="256",'списки групп'!AJ19,IF(LEFT($H$1,3)="257",'списки групп'!AR19,IF(LEFT($H$1,3)="258",'списки групп'!AY19,IF(LEFT($H$1,3)="259",'списки групп'!BF19,))))))))) -> 15 | B19: =IF(LEFT($H$1,3)="251",'списки групп'!B19,IF(LEFT($H$1,3)="252",'списки групп'!I19,IF(LEFT($H$1,3)="253",'списки групп'!P19,IF(LEFT($H$1,3)="254",'списки групп'!W19,IF(LEFT($H$1,3)="255",'списки групп'!AD19,IF(LEFT($H$1,3)="256",'списки групп'!AK19,IF(LEFT($H$1,3)="257",'списки групп'!AS19,IF(LEFT($H$1,3)="258",'списки групп'!AZ19,IF(LEFT($H$1,3)="259",'списки групп'!BG19,))))))))) -> 185 | C19: =IF(LEFT($H$1,3)="251",'списки групп'!C19,IF(LEFT($H$1,3)="252",'списки групп'!J19,IF(LEFT($H$1,3)="253",'списки групп'!Q19,IF(LEFT($H$1,3)="254",'списки групп'!X19,IF(LEFT($H$1,3)="255",'списки групп'!AE19,IF(LEFT($H$1,3)="256",'списки групп'!AL19,IF(LEFT($H$1,3)="257",'списки групп'!AT19,IF(LEFT($H$1,3)="258",'списки групп'!BA19,IF(LEFT($H$1,3)="259",'списки групп'!BH19,))))))))) -> 2 | D19: =IF(LEFT($H$1,3)="251",'списки групп'!D19,IF(LEFT($H$1,3)="252",'списки групп'!K19,IF(LEFT($H$1,3)="253",'списки групп'!R19,IF(LEFT($H$1,3)="254",'списки групп'!Y19,IF(LEFT($H$1,3)="255",'списки групп'!AF19,IF(LEFT($H$1,3)="256",'списки групп'!AM19,IF(LEFT($H$1,3)="257",'списки групп'!AU19,IF(LEFT($H$1,3)="258",'списки групп'!BB19,IF(LEFT($H$1,3)="259",'списки групп'!BI19,))))))))) -> Муртазин | E19: =IF(LEFT($H$1,3)="251",'списки групп'!E19,IF(LEFT($H$1,3)="252",'списки групп'!L19,IF(LEFT($H$1,3)="253",'списки групп'!S19,IF(LEFT($H$1,3)="254",'списки групп'!Z19,IF(LEFT($H$1,3)="255",'списки групп'!AG19,IF(LEFT($H$1,3)="256",'списки групп'!AN19,IF(LEFT($H$1,3)="257",'списки групп'!AV19,IF(LEFT($H$1,3)="258",'списки групп'!BC19,IF(LEFT($H$1,3)="259",'списки групп'!BJ19,))))))))) -> Амир | L19: =IF(C19=1,IF(AND(F19<>"----",F19),((10-G$35)+IF(G19<=G$35,G19,G$35))*IF(F19=0,0,IF(F19<=G$38,$E$38,IF(F19<=G$39,$E$39,IF(F19<=G$40,$E$40,0))))*F$36*0.1,0),IF(AND(F19<>"----",F19),((10-G$35)+IF(G19<=G$35,G19,G$35))*IF(F19=0,0,IF(F19<=L$38,$J$38,IF(F19<=L$39,$J$39,IF(F19<=L$40,$J$40,0))))*F$36*0.1,0)) -> 0 | M19: =IF(C19=1,IF(AND(H19<>"----",H19),((10-I$35)+IF(I19<=$I$35,I19,I$35))*IF(H19=0,0,IF(H19<=$H$38,$E$38,IF(H19<=$H$39,$E$38,IF(H19<=$H$40,$E$40,0))))*H$36*0.1,0)+IF(AND(J19<>"----",J19),((10-K$35)+IF(K19<=$I$35,K19,K$35))*IF(J19=0,0,IF(J19<=$H$38,$E$38,IF(J19<=$H$39,$E$38,IF(J19<=$H$40,$E$39,0))))*J$36*0.1,0), IF(AND(H19<>"----",H19),((10-I$35)+IF(I19<=$I$35,I19,I$35))*IF(H19=0,0,IF(H19<=$M$38,$J$38,IF(H19<=$M$39,$J$39,IF(H19<=$M$40,$J$40,0))))*H$36*0.1,0)+IF(AND(J19<>"----",J19),((10-K$35)+IF(K19<=$K$35,K19,K$35))*IF(J19=0,0,IF(J19<=$M$38,$J$38,IF(J19<=$M$39,$J$39,IF(J19<=$M$40,$J$40,0))))*J$36*0.1,0)) -> 0 | N19: =CEILING(SUM(L19:M19)*10/SUM($L$35:$M$35),0.1) -> 0 | S19: =CEILING(SUM(P19:R19)*10/SUM($O$35:$R$35),0.1) -> 0 | AD19: =CEILING(SUM(T19:AC19)*10/SUM($T$35:$AC$35),0.1) -> 0 | AE19: =N19*$N$36+S19*$S$36+AD19*$AD$36 -> 0 | AF19: =ROUND(AE19,0) -> 0
A20: =IF(LEFT($H$1,3)="251",'списки групп'!A20,IF(LEFT($H$1,3)="252",'списки групп'!H20,IF(LEFT($H$1,3)="253",'списки групп'!O20,IF(LEFT($H$1,3)="254",'списки групп'!V20,IF(LEFT($H$1,3)="255",'списки групп'!AC20,IF(LEFT($H$1,3)="256",'списки групп'!AJ20,IF(LEFT($H$1,3)="257",'списки групп'!AR20,IF(LEFT($H$1,3)="258",'списки групп'!AY20,IF(LEFT($H$1,3)="259",'списки групп'!BF20,))))))))) -> 16 | B20: =IF(LEFT($H$1,3)="251",'списки групп'!B20,IF(LEFT($H$1,3)="252",'списки групп'!I20,IF(LEFT($H$1,3)="253",'списки групп'!P20,IF(LEFT($H$1,3)="254",'списки групп'!W20,IF(LEFT($H$1,3)="255",'списки групп'!AD20,IF(LEFT($H$1,3)="256",'списки групп'!AK20,IF(LEFT($H$1,3)="257",'списки групп'!AS20,IF(LEFT($H$1,3)="258",'списки групп'!AZ20,IF(LEFT($H$1,3)="259",'списки групп'!BG20,))))))))) -> 186 | C20: =IF(LEFT($H$1,3)="251",'списки групп'!C20,IF(LEFT($H$1,3)="252",'списки групп'!J20,IF(LEFT($H$1,3)="253",'списки групп'!Q20,IF(LEFT($H$1,3)="254",'списки групп'!X20,IF(LEFT($H$1,3)="255",'списки групп'!AE20,IF(LEFT($H$1,3)="256",'списки групп'!AL20,IF(LEFT($H$1,3)="257",'списки групп'!AT20,IF(LEFT($H$1,3)="258",'списки групп'!BA20,IF(LEFT($H$1,3)="259",'списки групп'!BH20,))))))))) -> 2 | D20: =IF(LEFT($H$1,3)="251",'списки групп'!D20,IF(LEFT($H$1,3)="252",'списки групп'!K20,IF(LEFT($H$1,3)="253",'списки групп'!R20,IF(LEFT($H$1,3)="254",'списки групп'!Y20,IF(LEFT($H$1,3)="255",'списки групп'!AF20,IF(LEFT($H$1,3)="256",'списки групп'!AM20,IF(LEFT($H$1,3)="257",'списки групп'!AU20,IF(LEFT($H$1,3)="258",'списки групп'!BB20,IF(LEFT($H$1,3)="259",'списки групп'!BI20,))))))))) -> Никишин | E20: =IF(LEFT($H$1,3)="251",'списки групп'!E20,IF(LEFT($H$1,3)="252",'списки групп'!L20,IF(LEFT($H$1,3)="253",'списки групп'!S20,IF(LEFT($H$1,3)="254",'списки групп'!Z20,IF(LEFT($H$1,3)="255",'списки групп'!AG20,IF(LEFT($H$1,3)="256",'списки групп'!AN20,IF(LEFT($H$1,3)="257",'списки групп'!AV20,IF(LEFT($H$1,3)="258",'списки групп'!BC20,IF(LEFT($H$1,3)="259",'списки групп'!BJ20,))))))))) -> Арсений | L20: =IF(C20=1,IF(AND(F20<>"----",F20),((10-G$35)+IF(G20<=G$35,G20,G$35))*IF(F20=0,0,IF(F20<=G$38,$E$38,IF(F20<=G$39,$E$39,IF(F20<=G$40,$E$40,0))))*F$36*0.1,0),IF(AND(F20<>"----",F20),((10-G$35)+IF(G20<=G$35,G20,G$35))*IF(F20=0,0,IF(F20<=L$38,$J$38,IF(F20<=L$39,$J$39,IF(F20<=L$40,$J$40,0))))*F$36*0.1,0)) -> 0 | M20: =IF(C20=1,IF(AND(H20<>"----",H20),((10-I$35)+IF(I20<=$I$35,I20,I$35))*IF(H20=0,0,IF(H20<=$H$38,$E$38,IF(H20<=$H$39,$E$38,IF(H20<=$H$40,$E$40,0))))*H$36*0.1,0)+IF(AND(J20<>"----",J20),((10-K$35)+IF(K20<=$I$35,K20,K$35))*IF(J20=0,0,IF(J20<=$H$38,$E$38,IF(J20<=$H$39,$E$38,IF(J20<=$H$40,$E$39,0))))*J$36*0.1,0), IF(AND(H20<>"----",H20),((10-I$35)+IF(I20<=$I$35,I20,I$35))*IF(H20=0,0,IF(H20<=$M$38,$J$38,IF(H20<=$M$39,$J$39,IF(H20<=$M$40,$J$40,0))))*H$36*0.1,0)+IF(AND(J20<>"----",J20),((10-K$35)+IF(K20<=$K$35,K20,K$35))*IF(J20=0,0,IF(J20<=$M$38,$J$38,IF(J20<=$M$39,$J$39,IF(J20<=$M$40,$J$40,0))))*J$36*0.1,0)) -> 0 | N20: =CEILING(SUM(L20:M20)*10/SUM($L$35:$M$35),0.1) -> 0 | O20: 2 | P20: 2 | S20: =CEILING(SUM(P20:R20)*10/SUM($O$35:$R$35),0.1) -> 6.7 | AD20: =CEILING(SUM(T20:AC20)*10/SUM($T$35:$AC$35),0.1) -> 0 | AE20: =N20*$N$36+S20*$S$36+AD20*$AD$36 -> 0.67 | AF20: =ROUND(AE20,0) -> 1
A21: =IF(LEFT($H$1,3)="251",'списки групп'!A21,IF(LEFT($H$1,3)="252",'списки групп'!H21,IF(LEFT($H$1,3)="253",'списки групп'!O21,IF(LEFT($H$1,3)="254",'списки групп'!V21,IF(LEFT($H$1,3)="255",'списки групп'!AC21,IF(LEFT($H$1,3)="256",'списки групп'!AJ21,IF(LEFT($H$1,3)="257",'списки групп'!AR21,IF(LEFT($H$1,3)="258",'списки групп'!AY21,IF(LEFT($H$1,3)="259",'списки групп'!BF21,))))))))) -> 17 | B21: =IF(LEFT($H$1,3)="251",'списки групп'!B21,IF(LEFT($H$1,3)="252",'списки групп'!I21,IF(LEFT($H$1,3)="253",'списки групп'!P21,IF(LEFT($H$1,3)="254",'списки групп'!W21,IF(LEFT($H$1,3)="255",'списки групп'!AD21,IF(LEFT($H$1,3)="256",'списки групп'!AK21,IF(LEFT($H$1,3)="257",'списки групп'!AS21,IF(LEFT($H$1,3)="258",'списки групп'!AZ21,IF(LEFT($H$1,3)="259",'списки групп'!BG21,))))))))) -> 187 | C21: =IF(LEFT($H$1,3)="251",'списки групп'!C21,IF(LEFT($H$1,3)="252",'списки групп'!J21,IF(LEFT($H$1,3)="253",'списки групп'!Q21,IF(LEFT($H$1,3)="254",'списки групп'!X21,IF(LEFT($H$1,3)="255",'списки групп'!AE21,IF(LEFT($H$1,3)="256",'списки групп'!AL21,IF(LEFT($H$1,3)="257",'списки групп'!AT21,IF(LEFT($H$1,3)="258",'списки групп'!BA21,IF(LEFT($H$1,3)="259",'списки групп'!BH21,))))))))) -> 2 | D21: =IF(LEFT($H$1,3)="251",'списки групп'!D21,IF(LEFT($H$1,3)="252",'списки групп'!K21,IF(LEFT($H$1,3)="253",'списки групп'!R21,IF(LEFT($H$1,3)="254",'списки групп'!Y21,IF(LEFT($H$1,3)="255",'списки групп'!AF21,IF(LEFT($H$1,3)="256",'списки групп'!AM21,IF(LEFT($H$1,3)="257",'списки групп'!AU21,IF(LEFT($H$1,3)="258",'списки групп'!BB21,IF(LEFT($H$1,3)="259",'списки групп'!BI21,))))))))) -> Озерков | E21: =IF(LEFT($H$1,3)="251",'списки групп'!E21,IF(LEFT($H$1,3)="252",'списки групп'!L21,IF(LEFT($H$1,3)="253",'списки групп'!S21,IF(LEFT($H$1,3)="254",'списки групп'!Z21,IF(LEFT($H$1,3)="255",'списки групп'!AG21,IF(LEFT($H$1,3)="256",'списки групп'!AN21,IF(LEFT($H$1,3)="257",'списки групп'!AV21,IF(LEFT($H$1,3)="258",'списки групп'!BC21,IF(LEFT($H$1,3)="259",'списки групп'!BJ21,))))))))) -> Дмитрий | L21: =IF(C21=1,IF(AND(F21<>"----",F21),((10-G$35)+IF(G21<=G$35,G21,G$35))*IF(F21=0,0,IF(F21<=G$38,$E$38,IF(F21<=G$39,$E$39,IF(F21<=G$40,$E$40,0))))*F$36*0.1,0),IF(AND(F21<>"----",F21),((10-G$35)+IF(G21<=G$35,G21,G$35))*IF(F21=0,0,IF(F21<=L$38,$J$38,IF(F21<=L$39,$J$39,IF(F21<=L$40,$J$40,0))))*F$36*0.1,0)) -> 0 | M21: =IF(C21=1,IF(AND(H21<>"----",H21),((10-I$35)+IF(I21<=$I$35,I21,I$35))*IF(H21=0,0,IF(H21<=$H$38,$E$38,IF(H21<=$H$39,$E$38,IF(H21<=$H$40,$E$40,0))))*H$36*0.1,0)+IF(AND(J21<>"----",J21),((10-K$35)+IF(K21<=$I$35,K21,K$35))*IF(J21=0,0,IF(J21<=$H$38,$E$38,IF(J21<=$H$39,$E$38,IF(J21<=$H$40,$E$39,0))))*J$36*0.1,0), IF(AND(H21<>"----",H21),((10-I$35)+IF(I21<=$I$35,I21,I$35))*IF(H21=0,0,IF(H21<=$M$38,$J$38,IF(H21<=$M$39,$J$39,IF(H21<=$M$40,$J$40,0))))*H$36*0.1,0)+IF(AND(J21<>"----",J21),((10-K$35)+IF(K21<=$K$35,K21,K$35))*IF(J21=0,0,IF(J21<=$M$38,$J$38,IF(J21<=$M$39,$J$39,IF(J21<=$M$40,$J$40,0))))*J$36*0.1,0)) -> 0 | N21: =CEILING(SUM(L21:M21)*10/SUM($L$35:$M$35),0.1) -> 0 | S21: =CEILING(SUM(P21:R21)*10/SUM($O$35:$R$35),0.1) -> 0 | AD21: =CEILING(SUM(T21:AC21)*10/SUM($T$35:$AC$35),0.1) -> 0 | AE21: =N21*$N$36+S21*$S$36+AD21*$AD$36 -> 0 | AF21: =ROUND(AE21,0) -> 0
A22: =IF(LEFT($H$1,3)="251",'списки групп'!A22,IF(LEFT($H$1,3)="252",'списки групп'!H22,IF(LEFT($H$1,3)="253",'списки групп'!O22,IF(LEFT($H$1,3)="254",'списки групп'!V22,IF(LEFT($H$1,3)="255",'списки групп'!AC22,IF(LEFT($H$1,3)="256",'списки групп'!AJ22,IF(LEFT($H$1,3)="257",'списки групп'!AR22,IF(LEFT($H$1,3)="258",'списки групп'!AY22,IF(LEFT($H$1,3)="259",'списки групп'!BF22,))))))))) -> 18 | B22: =IF(LEFT($H$1,3)="251",'списки групп'!B22,IF(LEFT($H$1,3)="252",'списки групп'!I22,IF(LEFT($H$1,3)="253",'списки групп'!P22,IF(LEFT($H$1,3)="254",'списки групп'!W22,IF(LEFT($H$1,3)="255",'списки групп'!AD22,IF(LEFT($H$1,3)="256",'списки групп'!AK22,IF(LEFT($H$1,3)="257",'списки групп'!AS22,IF(LEFT($H$1,3)="258",'списки групп'!AZ22,IF(LEFT($H$1,3)="259",'списки групп'!BG22,))))))))) -> 188 | C22: =IF(LEFT($H$1,3)="251",'списки групп'!C22,IF(LEFT($H$1,3)="252",'списки групп'!J22,IF(LEFT($H$1,3)="253",'списки групп'!Q22,IF(LEFT($H$1,3)="254",'списки групп'!X22,IF(LEFT($H$1,3)="255",'списки групп'!AE22,IF(LEFT($H$1,3)="256",'списки групп'!AL22,IF(LEFT($H$1,3)="257",'списки групп'!AT22,IF(LEFT($H$1,3)="258",'списки групп'!BA22,IF(LEFT($H$1,3)="259",'списки групп'!BH22,))))))))) -> 2 | D22: =IF(LEFT($H$1,3)="251",'списки групп'!D22,IF(LEFT($H$1,3)="252",'списки групп'!K22,IF(LEFT($H$1,3)="253",'списки групп'!R22,IF(LEFT($H$1,3)="254",'списки групп'!Y22,IF(LEFT($H$1,3)="255",'списки групп'!AF22,IF(LEFT($H$1,3)="256",'списки групп'!AM22,IF(LEFT($H$1,3)="257",'списки групп'!AU22,IF(LEFT($H$1,3)="258",'списки групп'!BB22,IF(LEFT($H$1,3)="259",'списки групп'!BI22,))))))))) -> Печенкин | E22: =IF(LEFT($H$1,3)="251",'списки групп'!E22,IF(LEFT($H$1,3)="252",'списки групп'!L22,IF(LEFT($H$1,3)="253",'списки групп'!S22,IF(LEFT($H$1,3)="254",'списки групп'!Z22,IF(LEFT($H$1,3)="255",'списки групп'!AG22,IF(LEFT($H$1,3)="256",'списки групп'!AN22,IF(LEFT($H$1,3)="257",'списки групп'!AV22,IF(LEFT($H$1,3)="258",'списки групп'!BC22,IF(LEFT($H$1,3)="259",'списки групп'!BJ22,))))))))) -> Егор | L22: =IF(C22=1,IF(AND(F22<>"----",F22),((10-G$35)+IF(G22<=G$35,G22,G$35))*IF(F22=0,0,IF(F22<=G$38,$E$38,IF(F22<=G$39,$E$39,IF(F22<=G$40,$E$40,0))))*F$36*0.1,0),IF(AND(F22<>"----",F22),((10-G$35)+IF(G22<=G$35,G22,G$35))*IF(F22=0,0,IF(F22<=L$38,$J$38,IF(F22<=L$39,$J$39,IF(F22<=L$40,$J$40,0))))*F$36*0.1,0)) -> 0 | M22: =IF(C22=1,IF(AND(H22<>"----",H22),((10-I$35)+IF(I22<=$I$35,I22,I$35))*IF(H22=0,0,IF(H22<=$H$38,$E$38,IF(H22<=$H$39,$E$38,IF(H22<=$H$40,$E$40,0))))*H$36*0.1,0)+IF(AND(J22<>"----",J22),((10-K$35)+IF(K22<=$I$35,K22,K$35))*IF(J22=0,0,IF(J22<=$H$38,$E$38,IF(J22<=$H$39,$E$38,IF(J22<=$H$40,$E$39,0))))*J$36*0.1,0), IF(AND(H22<>"----",H22),((10-I$35)+IF(I22<=$I$35,I22,I$35))*IF(H22=0,0,IF(H22<=$M$38,$J$38,IF(H22<=$M$39,$J$39,IF(H22<=$M$40,$J$40,0))))*H$36*0.1,0)+IF(AND(J22<>"----",J22),((10-K$35)+IF(K22<=$K$35,K22,K$35))*IF(J22=0,0,IF(J22<=$M$38,$J$38,IF(J22<=$M$39,$J$39,IF(J22<=$M$40,$J$40,0))))*J$36*0.1,0)) -> 0 | N22: =CEILING(SUM(L22:M22)*10/SUM($L$35:$M$35),0.1) -> 0 | O22: 2 | S22: =CEILING(SUM(P22:R22)*10/SUM($O$35:$R$35),0.1) -> 0 | AD22: =CEILING(SUM(T22:AC22)*10/SUM($T$35:$AC$35),0.1) -> 0 | AE22: =N22*$N$36+S22*$S$36+AD22*$AD$36 -> 0 | AF22: =ROUND(AE22,0) -> 0
A23: =IF(LEFT($H$1,3)="251",'списки групп'!A23,IF(LEFT($H$1,3)="252",'списки групп'!H23,IF(LEFT($H$1,3)="253",'списки групп'!O23,IF(LEFT($H$1,3)="254",'списки групп'!V23,IF(LEFT($H$1,3)="255",'списки групп'!AC23,IF(LEFT($H$1,3)="256",'списки групп'!AJ23,IF(LEFT($H$1,3)="257",'списки групп'!AR23,IF(LEFT($H$1,3)="258",'списки групп'!AY23,IF(LEFT($H$1,3)="259",'списки групп'!BF23,))))))))) -> 19 | B23: =IF(LEFT($H$1,3)="251",'списки групп'!B23,IF(LEFT($H$1,3)="252",'списки групп'!I23,IF(LEFT($H$1,3)="253",'списки групп'!P23,IF(LEFT($H$1,3)="254",'списки групп'!W23,IF(LEFT($H$1,3)="255",'списки групп'!AD23,IF(LEFT($H$1,3)="256",'списки групп'!AK23,IF(LEFT($H$1,3)="257",'списки групп'!AS23,IF(LEFT($H$1,3)="258",'списки групп'!AZ23,IF(LEFT($H$1,3)="259",'списки групп'!BG23,))))))))) -> 189 | C23: =IF(LEFT($H$1,3)="251",'списки групп'!C23,IF(LEFT($H$1,3)="252",'списки групп'!J23,IF(LEFT($H$1,3)="253",'списки групп'!Q23,IF(LEFT($H$1,3)="254",'списки групп'!X23,IF(LEFT($H$1,3)="255",'списки групп'!AE23,IF(LEFT($H$1,3)="256",'списки групп'!AL23,IF(LEFT($H$1,3)="257",'списки групп'!AT23,IF(LEFT($H$1,3)="258",'списки групп'!BA23,IF(LEFT($H$1,3)="259",'списки групп'!BH23,))))))))) -> 2 | D23: =IF(LEFT($H$1,3)="251",'списки групп'!D23,IF(LEFT($H$1,3)="252",'списки групп'!K23,IF(LEFT($H$1,3)="253",'списки групп'!R23,IF(LEFT($H$1,3)="254",'списки групп'!Y23,IF(LEFT($H$1,3)="255",'списки групп'!AF23,IF(LEFT($H$1,3)="256",'списки групп'!AM23,IF(LEFT($H$1,3)="257",'списки групп'!AU23,IF(LEFT($H$1,3)="258",'списки групп'!BB23,IF(LEFT($H$1,3)="259",'списки групп'!BI23,))))))))) -> Плотникова | E23: =IF(LEFT($H$1,3)="251",'списки групп'!E23,IF(LEFT($H$1,3)="252",'списки групп'!L23,IF(LEFT($H$1,3)="253",'списки групп'!S23,IF(LEFT($H$1,3)="254",'списки групп'!Z23,IF(LEFT($H$1,3)="255",'списки групп'!AG23,IF(LEFT($H$1,3)="256",'списки групп'!AN23,IF(LEFT($H$1,3)="257",'списки групп'!AV23,IF(LEFT($H$1,3)="258",'списки групп'!BC23,IF(LEFT($H$1,3)="259",'списки групп'!BJ23,))))))))) -> Таисия | L23: =IF(C23=1,IF(AND(F23<>"----",F23),((10-G$35)+IF(G23<=G$35,G23,G$35))*IF(F23=0,0,IF(F23<=G$38,$E$38,IF(F23<=G$39,$E$39,IF(F23<=G$40,$E$40,0))))*F$36*0.1,0),IF(AND(F23<>"----",F23),((10-G$35)+IF(G23<=G$35,G23,G$35))*IF(F23=0,0,IF(F23<=L$38,$J$38,IF(F23<=L$39,$J$39,IF(F23<=L$40,$J$40,0))))*F$36*0.1,0)) -> 0 | M23: =IF(C23=1,IF(AND(H23<>"----",H23),((10-I$35)+IF(I23<=$I$35,I23,I$35))*IF(H23=0,0,IF(H23<=$H$38,$E$38,IF(H23<=$H$39,$E$38,IF(H23<=$H$40,$E$40,0))))*H$36*0.1,0)+IF(AND(J23<>"----",J23),((10-K$35)+IF(K23<=$I$35,K23,K$35))*IF(J23=0,0,IF(J23<=$H$38,$E$38,IF(J23<=$H$39,$E$38,IF(J23<=$H$40,$E$39,0))))*J$36*0.1,0), IF(AND(H23<>"----",H23),((10-I$35)+IF(I23<=$I$35,I23,I$35))*IF(H23=0,0,IF(H23<=$M$38,$J$38,IF(H23<=$M$39,$J$39,IF(H23<=$M$40,$J$40,0))))*H$36*0.1,0)+IF(AND(J23<>"----",J23),((10-K$35)+IF(K23<=$K$35,K23,K$35))*IF(J23=0,0,IF(J23<=$M$38,$J$38,IF(J23<=$M$39,$J$39,IF(J23<=$M$40,$J$40,0))))*J$36*0.1,0)) -> 0 | N23: =CEILING(SUM(L23:M23)*10/SUM($L$35:$M$35),0.1) -> 0 | S23: =CEILING(SUM(P23:R23)*10/SUM($O$35:$R$35),0.1) -> 0 | AD23: =CEILING(SUM(T23:AC23)*10/SUM($T$35:$AC$35),0.1) -> 0 | AE23: =N23*$N$36+S23*$S$36+AD23*$AD$36 -> 0 | AF23: =ROUND(AE23,0) -> 0
A24: =IF(LEFT($H$1,3)="251",'списки групп'!A24,IF(LEFT($H$1,3)="252",'списки групп'!H24,IF(LEFT($H$1,3)="253",'списки групп'!O24,IF(LEFT($H$1,3)="254",'списки групп'!V24,IF(LEFT($H$1,3)="255",'списки групп'!AC24,IF(LEFT($H$1,3)="256",'списки групп'!AJ24,IF(LEFT($H$1,3)="257",'списки групп'!AR24,IF(LEFT($H$1,3)="258",'списки групп'!AY24,IF(LEFT($H$1,3)="259",'списки групп'!BF24,))))))))) -> 20 | B24: =IF(LEFT($H$1,3)="251",'списки групп'!B24,IF(LEFT($H$1,3)="252",'списки групп'!I24,IF(LEFT($H$1,3)="253",'списки групп'!P24,IF(LEFT($H$1,3)="254",'списки групп'!W24,IF(LEFT($H$1,3)="255",'списки групп'!AD24,IF(LEFT($H$1,3)="256",'списки групп'!AK24,IF(LEFT($H$1,3)="257",'списки групп'!AS24,IF(LEFT($H$1,3)="258",'списки групп'!AZ24,IF(LEFT($H$1,3)="259",'списки групп'!BG24,))))))))) -> 190 | C24: =IF(LEFT($H$1,3)="251",'списки групп'!C24,IF(LEFT($H$1,3)="252",'списки групп'!J24,IF(LEFT($H$1,3)="253",'списки групп'!Q24,IF(LEFT($H$1,3)="254",'списки групп'!X24,IF(LEFT($H$1,3)="255",'списки групп'!AE24,IF(LEFT($H$1,3)="256",'списки групп'!AL24,IF(LEFT($H$1,3)="257",'списки групп'!AT24,IF(LEFT($H$1,3)="258",'списки групп'!BA24,IF(LEFT($H$1,3)="259",'списки групп'!BH24,))))))))) -> 2 | D24: =IF(LEFT($H$1,3)="251",'списки групп'!D24,IF(LEFT($H$1,3)="252",'списки групп'!K24,IF(LEFT($H$1,3)="253",'списки групп'!R24,IF(LEFT($H$1,3)="254",'списки групп'!Y24,IF(LEFT($H$1,3)="255",'списки групп'!AF24,IF(LEFT($H$1,3)="256",'списки групп'!AM24,IF(LEFT($H$1,3)="257",'списки групп'!AU24,IF(LEFT($H$1,3)="258",'списки групп'!BB24,IF(LEFT($H$1,3)="259",'списки групп'!BI24,))))))))) -> Плохих | E24: =IF(LEFT($H$1,3)="251",'списки групп'!E24,IF(LEFT($H$1,3)="252",'списки групп'!L24,IF(LEFT($H$1,3)="253",'списки групп'!S24,IF(LEFT($H$1,3)="254",'списки групп'!Z24,IF(LEFT($H$1,3)="255",'списки групп'!AG24,IF(LEFT($H$1,3)="256",'списки групп'!AN24,IF(LEFT($H$1,3)="257",'списки групп'!AV24,IF(LEFT($H$1,3)="258",'списки групп'!BC24,IF(LEFT($H$1,3)="259",'списки групп'!BJ24,))))))))) -> Артём | L24: =IF(C24=1,IF(AND(F24<>"----",F24),((10-G$35)+IF(G24<=G$35,G24,G$35))*IF(F24=0,0,IF(F24<=G$38,$E$38,IF(F24<=G$39,$E$39,IF(F24<=G$40,$E$40,0))))*F$36*0.1,0),IF(AND(F24<>"----",F24),((10-G$35)+IF(G24<=G$35,G24,G$35))*IF(F24=0,0,IF(F24<=L$38,$J$38,IF(F24<=L$39,$J$39,IF(F24<=L$40,$J$40,0))))*F$36*0.1,0)) -> 0 | M24: =IF(C24=1,IF(AND(H24<>"----",H24),((10-I$35)+IF(I24<=$I$35,I24,I$35))*IF(H24=0,0,IF(H24<=$H$38,$E$38,IF(H24<=$H$39,$E$38,IF(H24<=$H$40,$E$40,0))))*H$36*0.1,0)+IF(AND(J24<>"----",J24),((10-K$35)+IF(K24<=$I$35,K24,K$35))*IF(J24=0,0,IF(J24<=$H$38,$E$38,IF(J24<=$H$39,$E$38,IF(J24<=$H$40,$E$39,0))))*J$36*0.1,0), IF(AND(H24<>"----",H24),((10-I$35)+IF(I24<=$I$35,I24,I$35))*IF(H24=0,0,IF(H24<=$M$38,$J$38,IF(H24<=$M$39,$J$39,IF(H24<=$M$40,$J$40,0))))*H$36*0.1,0)+IF(AND(J24<>"----",J24),((10-K$35)+IF(K24<=$K$35,K24,K$35))*IF(J24=0,0,IF(J24<=$M$38,$J$38,IF(J24<=$M$39,$J$39,IF(J24<=$M$40,$J$40,0))))*J$36*0.1,0)) -> 0 | N24: =CEILING(SUM(L24:M24)*10/SUM($L$35:$M$35),0.1) -> 0 | S24: =CEILING(SUM(P24:R24)*10/SUM($O$35:$R$35),0.1) -> 0 | AD24: =CEILING(SUM(T24:AC24)*10/SUM($T$35:$AC$35),0.1) -> 0 | AE24: =N24*$N$36+S24*$S$36+AD24*$AD$36 -> 0 | AF24: =ROUND(AE24,0) -> 0
