Workbook

Sheet Оборудование
A1: Радиус капли | B1: Vшпр, мл | C1: N | D1: V1, мл | E1: r1, см | F1: rср, мм | H1: Линейка | I1: σh, см | K1: Фотошоп | L1: σh, мм
B2: 2.5 | C2: 63 | D2: =$B$2/C2 -> 0.03968254 | E2: =(0.75*D2/PI())^(1/3) -> 0.21159413 | F2: =AVERAGE(E2:E6)*10 -> 2.1366572 | I2: 1 | L2: 3
C3: 60 | D3: =$B$2/C3 -> 0.041666667 | E3: =(0.75*D3/PI())^(1/3) -> 0.2150635 | F3: =_xlfn.STDEV.S(E2:E6)*10 -> 0.015107504
C4: 61 | D4: =$B$2/C4 -> 0.040983607 | E4: =(0.75*D4/PI())^(1/3) -> 0.21388181
C5: 62 | D5: =$B$2/C5 -> 0.040322581 | E5: =(0.75*D5/PI())^(1/3) -> 0.21272567
C6: 60 | D6: =$B$2/C6 -> 0.041666667 | E6: =(0.75*D6/PI())^(1/3) -> 0.2150635

Sheet Кружка
B1: h1, см | C1: h2, см | D1: h, см | E1: σh, см | F1: R, мм | G1: l, мм | H1: dc, мм | I1: σR, мм
A2: Быстро | B2: 45 | C2: 4.5 | D2: =B2-C2 -> 40.5 | E2: =Оборудование!$I$2 -> 1 | F2: 10.54 | G2: 34.3 | H2: 5.32 | I2: =STDEV(F2:F5) -> 1.0808754
F3: 8.77 | G3: 26.19 | H3: 5.57
F4: 8.01 | G4: 29.74 | H4: 5.32
F5: 9.53 | G5: 26.95 | H5: 5.57
B7: h1, см | C7: h2, см | D7: h, см | E7: σh, см | F7: R, мм | G7: l, мм | H7: dc, мм | I7: rc, мм | J7: lrc, мм^2
B8: 45 | C8: 4.5 | D8: =B8-C8 -> 40.5 | E8: =Оборудование!$I$2 -> 1 | F8: 9.36 | G8: 33.17 | H8: 5.32 | I8: =H8/2 -> 2.66 | J8: =I8*G8 -> 88.2322
F9: 9.36 | G9: 29.62 | H9: 5.06 | I9: =H9/2 -> 2.53 | J9: =I9*G9 -> 74.9386
F10: 8.86 | G10: 28.11 | H10: 5.82 | I10: =H10/2 -> 2.91 | J10: =I10*G10 -> 81.8001
F11: 10.63 | G11: 32.12 | H11: 4.81 | I11: =H11/2 -> 2.405 | J11: =I11*G11 -> 77.2486

Sheet Кувшин
B1: h1, см | C1: h2, см | D1: h, см | E1: σh, см | F1: Rугл, мм
A2: 1 | B2: 50 | C2: 10.2 | D2: =B2-C2 -> 39.8 | E2: =Оборудование!$I$2 -> 1
A3: 2 | B3: 45 | C3: 10.2 | D3: =B3-C3 -> 34.8 | E3: =Оборудование!$I$2 -> 1
A4: 3 | B4: 40 | C4: 10.2 | D4: =B4-C4 -> 29.8 | E4: =Оборудование!$I$2 -> 1
A5: 4 | B5: 35 | C5: 10.2 | D5: =B5-C5 -> 24.8 | E5: =Оборудование!$I$2 -> 1
A6: 5 | B6: 30 | C6: 10.2 | D6: =B6-C6 -> 19.8 | E6: =Оборудование!$I$2 -> 1
